#TrainingSet.txt
10
1
Y
N
Y
N
Y
N
N
N
N
N
N
N
N
N
N
N
N
Y
Y
Y
Y
Y
N
Y
Y
Y
Y
N
N
0.5
0.1
1
1
1
10
0.1


 3.27152580000000E+0000
 1.42930400000000E-0001
334
#........... 3.72151939198375E-0001 1.72239108409321E-0003
$00010000010 0.00000000000000E+0000 1.00000000000000E+0000
$00010000100 1.50000000000000E+0000 1.00000000000000E+0000
$00010000110 0.00000000000000E+0000 1.00000000000000E+0000
$00010001010 0.00000000000000E+0000 1.00000000000000E+0000
$00010100010 0.00000000000000E+0000 1.00000000000000E+0000
$00011000010 0.00000000000000E+0000 1.00000000000000E+0000
$00011000100 4.29722489113919E+0000 3.70370370370370E-0002
$01001000000 4.09621417522430E-0001 1.82539682539683E-0002
$01010000100 1.38129800581373E+0000 2.08333333333333E-0002
$01011000000-3.96175442729146E-0001 9.45626477541371E-0003
$01011000100 0.00000000000000E+0000 1.00000000000000E+0000
$01011001000 0.00000000000000E+0000 1.00000000000000E+0000
$01111000000-4.37500000000000E-0001 1.00000000000000E+0000
$10001000000 0.00000000000000E+0000 1.00000000000000E+0000
$11011000000-1.87500000000000E-0001 1.00000000000000E+0000
$11011000100 1.48254366591573E-0001 5.29100529100529E-0004
$11011001000 1.25000000000000E+0000 1.00000000000000E+0000
$11011001100 0.00000000000000E+0000 1.00000000000000E+0000
$11011100000 0.00000000000000E+0000 1.00000000000000E+0000
$11111000100 0.00000000000000E+0000 1.00000000000000E+0000
(...(.......-4.90834775846450E-0002 4.35835351089588E-0003
(........... 1.58837826456875E-0001 0.00000000000000E+0000
(...C...#... 7.08781846333300E-0002 2.33828298344427E-0003
(...C...(...-4.17078908532858E-0001 5.62770562770563E-0003
(...F...(... 0.00000000000000E+0000 1.00000000000000E+0000
(...Br..(...-5.62500000000000E-0001 1.00000000000000E+0000
(...Cl..(... 5.79630416119470E-0001 9.31677018633540E-0003
(...N...#... 1.42796996515244E+0000 6.43274853801170E-0003
(...N...(...-1.80502101080492E-0001 2.81827016520894E-0003
(...O...(... 5.16168493311852E-0001 4.10682791635173E-0003
(...S...(... 0.00000000000000E+0000 1.00000000000000E+0000
(...c...(... 4.49399853125215E-0001 7.05128205128205E-0003
/...(....... 0.00000000000000E+0000 1.00000000000000E+0000
/........... 0.00000000000000E+0000 1.00000000000000E+0000
1...(...(... 0.00000000000000E+0000 1.00000000000000E+0000
1...(.......-8.96427938714623E-0002 2.34741784037559E-0003
1...(.../... 0.00000000000000E+0000 1.00000000000000E+0000
1........... 3.16285794135183E-0001 0.00000000000000E+0000
1...C...#... 0.00000000000000E+0000 1.00000000000000E+0000
1...C...(... 7.77043625712390E-0002 1.00000000000000E+0000
1...N...(...-2.64185570413247E-0001 7.53968253968254E-0003
1...N...1... 0.00000000000000E+0000 1.00000000000000E+0000
1...c...(... 3.05811912054196E-0001 6.10328638497653E-0003
1...c.../... 0.00000000000000E+0000 1.00000000000000E+0000
1...n...(...-1.25000000000000E+0000 1.00000000000000E+0000
2...(...(... 0.00000000000000E+0000 1.00000000000000E+0000
2...(....... 2.50161985633895E-0001 1.97530864197531E-0003
2........... 4.49750758707523E-0003 0.00000000000000E+0000
2...3...(... 8.47826735116497E-0003 6.64950664950665E-0003
2...C...(... 5.00000000000000E-0001 1.00000000000000E+0000
2...N...(...-1.81438977131620E-0001 6.89223057644110E-0003
2...c...(... 1.59697500057518E-0001 6.54761904761905E-0003
2...c...1... 1.46681960043497E+0000 6.54761904761905E-0003
2...n...(... 3.89541247393936E-0001 1.40952380952381E-0002
3...(...(... 0.00000000000000E+0000 1.00000000000000E+0000
3...(....... 5.72384666651487E-0001 4.44813584348468E-0003
3...........-2.34188195085153E-0001 5.39083557951482E-0004
3...2.......-7.51040973700580E-0002 6.64950664950665E-0003
3...4...(... 1.52981923124753E+0000 3.33333333333333E-0002
3...C...(...-2.37500000000000E+0000 1.00000000000000E+0000
3...C...2... 0.00000000000000E+0000 1.00000000000000E+0000
3...N...(...-4.32068961672480E-0002 1.07936507936507E-0002
3...c...(... 4.95647498639300E-0001 6.53594771241830E-0003
3...c...2... 6.59471886232495E-0001 3.81562881562882E-0003
3...n...(... 3.67628062376750E-0001 2.77777777777778E-0002
4...(....... 7.61558469850570E-0001 2.45149911816578E-0002
4...........-2.03853444894776E-0001 2.20634920634921E-0002
4...3....... 1.23145589884371E+0000 3.33333333333333E-0002
4...c...(...-1.84693810762838E-0001 1.38888888888888E-0002
4...c...3... 0.00000000000000E+0000 1.00000000000000E+0000
=...(...(... 0.00000000000000E+0000 1.00000000000000E+0000
=...(.......-6.21094062924385E-0001 2.31481481481482E-0002
=........... 8.44892844790593E-0001 1.58730158730159E-0002
=...C...(... 0.00000000000000E+0000 1.00000000000000E+0000
=...C.../... 0.00000000000000E+0000 1.00000000000000E+0000
=...C...1... 6.69121227227150E-0001 1.93121693121693E-0002
=...O...(... 3.54902934981510E-0001 2.31481481481482E-0002
C...#....... 5.35719155799598E-0001 1.72239108409321E-0003
C...#...C...-1.25644181389358E-0002 2.96296296296296E-0003
C...(...(...-2.10704706795514E+0000 3.33333333333333E-0002
C...(....... 2.62080257991329E-0001 1.63398692810458E-0003
C...(...1... 3.29689090140159E-0002 4.08496732026144E-0003
C...(...2... 1.01608708710410E+0000 1.48629148629148E-0002
C...(...3...-2.50000000000000E-0001 1.00000000000000E+0000
C...(...=...-3.26919951708987E-0001 2.02020202020202E-0002
C...(...C...-3.50004895590250E-0002 1.13617376775271E-0002
C........... 2.48215547995642E-0001 0.00000000000000E+0000
C.../...(... 0.00000000000000E+0000 1.00000000000000E+0000
C.../....... 0.00000000000000E+0000 1.00000000000000E+0000
C...1...(...-3.42751788441092E-0001 1.42857142857142E-0002
C...1....... 1.80647853529081E-0001 6.83229813664596E-0003
C...1...C...-5.13586777262390E-0001 3.70370370370370E-0002
C...2...(... 2.20158848096617E+0000 5.73192239858906E-0003
C...2....... 5.23849997203797E-0001 1.93236714975845E-0003
C...2...C... 6.11810519127175E-0001 1.51515151515151E-0002
C...3...(... 1.00768291018903E+0000 1.58730158730159E-0002
C...3....... 2.20567153999582E-0001 2.96756383712905E-0003
C...3...C... 0.00000000000000E+0000 1.00000000000000E+0000
C...4....... 0.00000000000000E+0000 1.00000000000000E+0000
C...=.......-2.45604179706424E+0000 1.30511463844797E-0002
C...=...C... 0.00000000000000E+0000 1.00000000000000E+0000
C...C...#... 4.37500000000000E-0001 1.00000000000000E+0000
C...C...(... 4.15573756443337E-0001 2.16450216450216E-0003
C...C....... 1.13885320723056E-0001 5.24109014675052E-0004
C...C...1... 3.10784272616729E-0001 1.02040816326530E-0002
C...C...2... 9.53330704942301E-0003 3.24514991181658E-0003
C...C...3... 4.58164677256718E-0001 1.45502645502645E-0002
C...C...C...-2.40156815387309E-0001 1.42857142857142E-0002
C...N...(...-6.66315425885841E-0001 1.38888888888888E-0002
C...N...C... 3.63205499481410E-0001 7.93650793650794E-0003
C...O...(...-7.08821917651222E-0001 5.55555555555556E-0003
C...O...1... 1.61162381991744E-0001 1.00000000000000E+0000
C...O...C...-6.92046137293801E-0001 6.79012345679012E-0003
C...S...(... 0.00000000000000E+0000 1.00000000000000E+0000
C...c...1...-7.54883279791102E-0001 4.04265873015873E-0003
C...c...2...-3.08547782711685E-0001 2.76190476190476E-0002
C...c...3... 2.01814650325105E-0001 4.91551459293395E-0003
C...c...4... 0.00000000000000E+0000 1.00000000000000E+0000
BOND00000000 4.89825040800500E-0001 1.82539682539683E-0002
BOND01000000 8.58548544347286E-0002 6.25978090766823E-0003
BOND01100000-8.75000000000000E-0001 1.00000000000000E+0000
BOND10000000 0.00000000000000E+0000 1.00000000000000E+0000
BOND11000000-3.80684588337317E-0001 1.04166666666666E-0002
BOND11100000 0.00000000000000E+0000 1.00000000000000E+0000
F...(....... 0.00000000000000E+0000 1.00000000000000E+0000
F........... 1.00000000000000E+0000 1.00000000000000E+0000
F...1....... 0.00000000000000E+0000 1.00000000000000E+0000
F...c...1... 0.00000000000000E+0000 1.00000000000000E+0000
EC0-C...2... 5.00238308915868E-0001 1.72239108409321E-0003
EC0-C...3...-5.27881312649697E-0001 0.00000000000000E+0000
EC0-C...4... 4.51298935804516E-0002 0.00000000000000E+0000
EC0-F...1... 0.00000000000000E+0000 1.00000000000000E+0000
EC0-H...1...-1.66622800054029E-0001 0.00000000000000E+0000
EC0-Br..1... 0.00000000000000E+0000 1.00000000000000E+0000
EC0-Cl..4... 5.95694083021954E-0001 7.22495894909688E-0003
EC0-N...1... 4.01073306798935E-0001 8.54119425547997E-0003
EC0-N...2... 7.46424883371219E-0001 0.00000000000000E+0000
EC0-N...3...-1.25213773455471E-0001 5.55555555555556E-0004
EC0-O...1... 5.71241103345528E-0001 1.66666666666667E-0002
EC0-O...2...-1.22410588897765E-0001 6.10500610500611E-0004
EC0-S...2... 5.13505008770153E-0001 7.18954248366013E-0003
EC0-S...4... 0.00000000000000E+0000 1.00000000000000E+0000
Br..(....... 0.00000000000000E+0000 1.00000000000000E+0000
Br.......... 0.00000000000000E+0000 1.00000000000000E+0000
Cl..(....... 4.97051229933277E-0001 9.31677018633540E-0003
Cl..........-5.44073130004108E-0002 7.22495894909688E-0003
Cl..c...1... 0.00000000000000E+0000 1.00000000000000E+0000
HALO00000000 3.54657824151218E-0001 5.12820512820513E-0003
HALO00100000-1.00000000000000E+0000 1.00000000000000E+0000
HALO01000000 1.47229403117672E+0000 3.64491475602587E-0003
HALO01100000 0.00000000000000E+0000 1.00000000000000E+0000
HALO10000000 0.00000000000000E+0000 1.00000000000000E+0000
HALO10100000 0.00000000000000E+0000 1.00000000000000E+0000
HALO11000000 0.00000000000000E+0000 1.00000000000000E+0000
N...#.......-4.54068665858360E-0002 8.54119425547997E-0003
N...#...C...-1.09888556413352E-0001 8.54119425547997E-0003
N...(.......-2.17505946056917E-0001 5.55555555555556E-0004
N...(...C... 7.12155174929649E-0001 7.14285714285714E-0003
N........... 2.45800613192841E-0001 5.55555555555556E-0004
N...1....... 7.28963727131486E-0001 5.62770562770563E-0003
N...1...C... 1.72165617556311E+0000 1.30511463844797E-0002
N...2....... 2.05489139538258E-0001 6.71550671550672E-0003
N...2...C... 6.56060790875927E-0001 6.89223057644110E-0003
N...3....... 3.44774008728564E-0001 1.07936507936507E-0002
N...3...C...-1.01516128075309E+0000 1.07936507936507E-0002
N...C...(...-6.25000000000000E-0002 1.00000000000000E+0000
N...C.......-5.55709238396958E-0001 1.11111111111111E-0002
N...C...1... 0.00000000000000E+0000 1.00000000000000E+0000
N...C...2...-2.50000000000000E+0000 1.00000000000000E+0000
N...C...3...-3.55599430808797E+0000 1.35531135531135E-0002
N...C...C...-1.66570722823963E-0001 1.36243386243386E-0002
N...O...(... 0.00000000000000E+0000 1.00000000000000E+0000
N...c...1...-3.82214839803055E-0001 8.50793650793651E-0003
N...c...2... 9.12378511857241E-0001 6.34920634920635E-0003
N...c...3... 0.00000000000000E+0000 1.00000000000000E+0000
O...(...(... 1.01875496841967E+0000 4.35835351089588E-0003
O...(....... 3.20949508110061E-0001 3.99764844209289E-0003
O...(...1... 1.05001639621332E+0000 1.93121693121693E-0002
O...(...C...-2.12980712065473E-0001 5.15222482435597E-0003
O...(...N... 0.00000000000000E+0000 1.00000000000000E+0000
O...(...O...-2.00000000000000E+0000 1.00000000000000E+0000
O........... 3.33994715474550E-0002 6.10500610500611E-0004
O...1....... 5.05921439034864E-0001 1.00000000000000E+0000
O...=...(...-3.85053772479296E-0001 2.31481481481482E-0002
O...=.......-1.53858920093625E-0002 1.66666666666667E-0002
O...=...C...-1.66792044881731E-0001 7.53968253968254E-0003
O...C...(... 1.86163217923604E+0000 8.18070818070818E-0003
O...C....... 8.84989453479650E-0002 8.84353741496599E-0003
O...C...1... 1.83914519147947E-0001 2.45149911816578E-0002
O...C...2...-6.25000000000000E-0002 1.00000000000000E+0000
O...C...3... 1.25000000000000E-0001 1.00000000000000E+0000
O...C...4... 0.00000000000000E+0000 1.00000000000000E+0000
O...C...C... 4.77960402378812E-0001 6.79012345679012E-0003
O...N....... 0.00000000000000E+0000 1.00000000000000E+0000
O...N...C... 0.00000000000000E+0000 1.00000000000000E+0000
O...c...1... 0.00000000000000E+0000 1.00000000000000E+0000
NOSP01000000 1.85908111673780E+0000 7.93650793650794E-0003
NOSP10000000 1.62121538585052E+0000 6.98412698412698E-0003
NOSP10100000 0.00000000000000E+0000 1.00000000000000E+0000
NOSP11000000-3.37542876601219E-0001 1.20481927710843E-0003
NOSP11100000 0.00000000000000E+0000 1.00000000000000E+0000
S...(....... 0.00000000000000E+0000 1.00000000000000E+0000
S...(...=... 0.00000000000000E+0000 1.00000000000000E+0000
S...(...N... 0.00000000000000E+0000 1.00000000000000E+0000
S........... 0.00000000000000E+0000 1.00000000000000E+0000
S...C...(... 0.00000000000000E+0000 1.00000000000000E+0000
S...C....... 0.00000000000000E+0000 1.00000000000000E+0000
[C@@H]...... 2.50000000000000E-0001 1.00000000000000E+0000
[C@@]....... 0.00000000000000E+0000 1.00000000000000E+0000
[C@H]....... 0.00000000000000E+0000 1.00000000000000E+0000
[C@]........ 0.00000000000000E+0000 1.00000000000000E+0000
[nH]........ 2.10134933702648E-0001 5.59006211180124E-0003
c...(...(...-4.70524558098987E-0001 6.19047619047619E-0003
c...(....... 1.27074332674965E+0000 0.00000000000000E+0000
c...(...1... 0.00000000000000E+0000 1.00000000000000E+0000
c...(...2...-2.31532465666533E-0001 6.17283950617284E-0003
c...(...3... 2.17110150703229E+0000 4.71452262497039E-0003
c...(...4... 6.53302115853876E-0001 3.96825396825397E-0002
c...(...C... 2.01173689449206E-0001 6.62525879917184E-0003
c...(...F... 0.00000000000000E+0000 1.00000000000000E+0000
c...(...Br..-7.50000000000000E-0001 1.00000000000000E+0000
c...(...Cl.. 2.85692039411515E-0001 9.31677018633540E-0003
c...(...N... 1.20685024885461E-0001 6.09267275933943E-0004
c...(...O...-1.34163679741323E+0000 1.15646258503401E-0002
c...(...S... 0.00000000000000E+0000 1.00000000000000E+0000
c...(...c... 4.82528124470263E-0001 5.59006211180124E-0003
c...........-1.04155013104900E-0001 0.00000000000000E+0000
c.../....... 0.00000000000000E+0000 1.00000000000000E+0000
c.../...C... 0.00000000000000E+0000 1.00000000000000E+0000
c...1...(... 1.11114109540358E+0000 1.08225108225108E-0002
c...1....... 2.40728308213875E-0001 2.27458681066928E-0003
c...1...C... 0.00000000000000E+0000 1.00000000000000E+0000
c...1...F... 0.00000000000000E+0000 1.00000000000000E+0000
c...1...N... 1.12500000000000E+0000 1.00000000000000E+0000
c...1...O...-2.09926024312153E-0001 1.00000000000000E+0000
c...1...c... 1.59028247930110E-0001 2.31796422272613E-0003
c...2...(... 1.28275392507203E+0000 5.62770562770563E-0003
c...2....... 7.44476176332682E-0001 0.00000000000000E+0000
c...2...3... 2.00631375191733E-0001 6.64950664950665E-0003
c...2...N... 0.00000000000000E+0000 1.00000000000000E+0000
c...2...c... 4.25823910627510E-0002 3.87548958977530E-0003
c...3...(... 4.37533744145185E-0001 5.11904761904762E-0003
c...3....... 1.96012652013460E-0002 5.39083557951482E-0004
c...3...4... 1.42166010756046E+0000 3.33333333333333E-0002
c...3...C...-2.43112787720747E+0000 3.82819794584500E-0003
c...3...c...-3.42398667242378E-0001 3.14317146000314E-0005
c...4...(...-2.31479203770868E+0000 1.38888888888888E-0002
c...4....... 1.29385348409414E-0001 2.20634920634921E-0002
c...4...C... 0.00000000000000E+0000 1.00000000000000E+0000
c...4...c...-9.51750779990110E-0001 2.20634920634921E-0002
c...C...#... 2.09050778532401E-0001 3.08641975308642E-0003
c...C.......-7.24872546270490E-0002 1.09890109890109E-0003
c...C...C... 2.36998536391184E-0001 6.49801587301587E-0003
c...C...N... 1.25000000000000E-0001 1.00000000000000E+0000
c...F....... 0.00000000000000E+0000 1.00000000000000E+0000
c...Cl...... 0.00000000000000E+0000 1.00000000000000E+0000
c...N...(...-1.08411530265585E-0001 8.56009070294785E-0003
c...N....... 5.11826900765300E-0003 3.08641975308642E-0003
c...N...1...-1.25000000000000E+0000 1.00000000000000E+0000
c...N...2... 0.00000000000000E+0000 1.00000000000000E+0000
c...N...C...-3.75000000000000E-0001 1.00000000000000E+0000
c...O....... 0.00000000000000E+0000 1.00000000000000E+0000
c...c...(...-1.58069682074711E-0001 0.00000000000000E+0000
c...c....... 2.87270665168762E-0001 0.00000000000000E+0000
c...c...1...-1.99170708889142E-0001 1.94931773879142E-0003
c...c...2... 1.40382039686665E+0000 2.52100840336134E-0003
c...c...3...-1.43814675742761E-0001 1.87436676798379E-0003
c...c...4...-4.05438101850450E-0001 2.06349206349206E-0002
c...c...c... 2.01928791357204E-0001 1.89328743545611E-0003
c...n...(...-8.57745851390064E-0002 4.55782312925170E-0003
c...n...1... 1.11565269785933E+0000 2.62590632961003E-0003
c...n...2... 2.05786517448723E+0000 6.11577964519141E-0003
c...n...3... 6.85903707286343E-0001 7.93650793650794E-0003
c...n...c... 1.64230898488313E-0001 2.17864923747277E-0003
c...s...1... 1.13482849905267E-0001 5.33603512326917E-0003
c...s...2... 0.00000000000000E+0000 1.00000000000000E+0000
c...s...3... 0.00000000000000E+0000 1.00000000000000E+0000
c...s...c... 1.62500000000000E+0000 1.00000000000000E+0000
[xyx10]..... 0.00000000000000E+0000 1.00000000000000E+0000
[xyx2]...... 3.37639700993895E+0000 9.92063492063492E-0003
[xyx3]...... 7.87208217894658E-0001 5.73192239858906E-0003
[xyx4]...... 1.62953374022618E+0000 9.44026733500418E-0003
[xyx5]......-7.12414127076045E-0001 2.77777777777778E-0002
[xyx6]......-7.31859234161675E-0001 8.54700854700855E-0003
[xyx7]...... 2.76802881853655E-0001 2.28835978835979E-0002
[xyx8]...... 2.50000000000000E-0001 1.00000000000000E+0000
[xyx9]...... 0.00000000000000E+0000 1.00000000000000E+0000
[xyyx0]..... 2.95389536768200E-0002 1.63398692810458E-0003
[xyyx1]..... 1.49696272821166E+0000 3.33333333333333E-0002
[xyzyx0].... 9.12924002390350E-0001 1.10957004160887E-0003
[xyzyx1].... 0.00000000000000E+0000 1.00000000000000E+0000
[xyzyx2].... 0.00000000000000E+0000 1.00000000000000E+0000
n...(....... 1.54693509219214E-0001 3.60948032180909E-0003
n...(...2... 0.00000000000000E+0000 1.00000000000000E+0000
n...(...3... 6.17293570889160E-0001 5.29100529100529E-0004
n...(...4... 0.00000000000000E+0000 1.00000000000000E+0000
n...(...C... 1.80598892038688E-0001 1.00000000000000E+0000
n...(...N... 2.48586589004844E-0001 4.46659283868586E-0003
n...(...O... 1.25000000000000E-0001 1.00000000000000E+0000
n...(...c... 6.30634755827487E-0001 8.61678004535147E-0003
n........... 2.35205982578918E-0001 0.00000000000000E+0000
n...1....... 1.02453755540773E+0000 3.29074719318622E-0003
n...1...c... 2.70890275714919E-0001 3.29074719318622E-0003
n...2...(... 1.10672763921320E+0000 5.43024227234754E-0003
n...2.......-2.19530300935730E-0001 2.50626566416040E-0003
n...2...c... 2.13252283167094E-0001 4.88400488400488E-0003
n...3...(... 0.00000000000000E+0000 1.00000000000000E+0000
n...3.......-6.63089844398201E-0001 1.48629148629148E-0002
n...3...c... 1.43331096949987E+0000 2.45149911816578E-0002
n...c...(... 3.83663335349411E-0001 2.03174603174603E-0003
n...c.......-3.09991524321958E-0001 0.00000000000000E+0000
n...c...1... 2.50000000000000E-0001 1.00000000000000E+0000
n...c...2...-4.49586455011740E-0001 8.78823073945025E-0003
n...c...3... 7.45047726668420E-0002 1.20772946859903E-0003
n...c...4... 9.41446225857360E-0001 3.96825396825397E-0002
n...c...c... 3.89292393811047E-0001 2.09435626102293E-0003
n...c...n...-1.20600037975237E-0001 2.30158730158730E-0003
n...o...c... 0.00000000000000E+0000 1.00000000000000E+0000
o........... 0.00000000000000E+0000 1.00000000000000E+0000
o...c...(... 0.00000000000000E+0000 1.00000000000000E+0000
o...c....... 0.00000000000000E+0000 1.00000000000000E+0000
o...n....... 0.00000000000000E+0000 1.00000000000000E+0000
o...n...1... 0.00000000000000E+0000 1.00000000000000E+0000
s........... 1.09273754991591E-0001 6.19047619047619E-0003
s...1...(... 8.14455177169290E-0002 5.33603512326917E-0003
s...1.......-9.49494773521997E-0003 5.33603512326917E-0003
s...2...(... 0.00000000000000E+0000 1.00000000000000E+0000
s...2....... 0.00000000000000E+0000 1.00000000000000E+0000
s...3...(... 0.00000000000000E+0000 1.00000000000000E+0000
s...3....... 0.00000000000000E+0000 1.00000000000000E+0000
s...c....... 4.40364770358428E-0001 6.19047619047619E-0003
s...c...3... 1.87500000000000E-0001 1.00000000000000E+0000
s...c...c...-1.64733874844387E-0001 6.19047619047619E-0003
1
107
    125    139    131    138    131    139    132    132    131    131    131    131    135    131    131    131    136    131    138    134    134    134    134    134    134    134    134    134    134    134    134    134    160    228     39    302    228     23    160     49     88     88    228     58    228     49    228    228     23    145     23    228    228     58     23    228     23    147     23    228    302     39    259    232    303    312    215    158    163     95    105    253    244    244    239    239    265    215    144    144    215    265    244     57    215    215    146    146    215    312    303    174    304    272    311    224     52    164    107    254    118    247     65    242    267    264    222     27    222    264    268    243    218     33    223     28    223    311    272    199    152    120      4    281    289    291
    113    139    131    138    131    139    132    132    131    131    131    131    135    131    131    131    131    138    134    134    134    134    134    134    134    134    134    134    134    160    228     39    302    228     23    160     49     88     88    228     58    228     49    228    228     23    145     23    228    228     58     23    228    228    302     39    259    232    303    312    215    158    163     95    105    253    244    244    239    239    265    215    144    144    215    265    244     57    215    265    312    303    174    304    272    311    224     52    164    107    254    118    247     65    242    267    264    222     27    222    264    268    243    218    264    317    272    199    150    120      2    281    289    291
    122    139    131    138    131    139    132    132    131    131    131    131    135    131    131    131    133    131    138    134    134    134    134    134    134    134    134    134    134    160    228     39    302    228     23    160     49     88     88    228     58    228     49    228    228     23    145     23    228    228     58     23    228     23    127     23    228    302     39    259    232    303    312    215    158    163     95    105    253    244    244    239    239    265    215    144    144    215    265    244     57    215    215    126    126    215    312    303    174    304    272    311    224     52    164    107    254    118    247     65    242    267    264    222     27    222    264    268    243    218     33    221     26    221    311    272    199    154    120      5    281    289    291
    125    139    131    138    131    139    132    132    131    131    131    131    135    131    131    131    132    131    138    134    134    134    134    134    134    134    134    134    134    134    134    134    160    228     39    302    228     23    160     49     88     88    228     58    228     49    228    228     23    145     23    228    228     58     23    228     23     88     23    228    302     39    259    232    303    312    215    158    163     95    105    253    244    244    239    239    265    215    144    144    215    265    244     57    215    215     82     82    215    312    303    174    304    272    311    224     52    164    107    254    118    247     65    242    267    264    222     27    222    264    268    243    218     33    220     25    220    311    272    199    150    120      2    281    289    291
    129    139    131    138    131    139    132    132    131    131    131    131    135    131    131    131    141    132    131    138    134    134    134    134    134    134    134    134    134    134    134    134    134    160    228     39    302    228     23    160     49     88     88    228     58    228     49    228    228     23    145     23    228    228     58     23    228     23    183     88     23    228    302     39    259    232    303    312    215    158    163     95    105    253    244    244    239    239    265    215    144    144    215    265    244     57    215    215    178    189     82    215    312    303    174    304    272    311    224     52    164    107    254    118    247     65    242    267    264    222     27    222    264    268    243    218     33    225    112    188    220    311    272    201    150    120      7    281    289    291
    196    140    131    139    132    132    132    132    132    132    141    130    130    131    138    131    131    131    139    131    131    131    131    138    131    139    138    131    131    134    134    134    134    134    134    134    134    134    134    134    134    134    134    134    134    134    134    134    134    183     74     88     23    160     39     88     88     88     88     39     23     88     23     88     23     23    183     23     88      1     88    228     39    302    228    228    228     23    302     49    228    228    228     58    228    302    228     23    160     23    302    228     49     58     23    228     39    186    101     82    158    161     92    105    105    105     92     37     82     82     82     82     22    178    178     82     79     79    253    232    303    312    265    265    215    294    306    239    265    265    244    244    312    312    215    158    158    294    312    239     59     57    215    232    187     75    159     42    162    106    109    109    106     91     83     25     87     25     81    177     31    180     24     80    252    116    304    272    317    270    264    301     55    307    267    270    268    247    315    275    311    224     30    299    271    314    240     50    218     44    201    149    124     16    283    289    292
    129    139    131    138    131    139    132    132    131    131    131    131    135    131    131    131    142    132    131    138    134    134    134    134    134    134    134    134    134    134    134    134    134    160    228     39    302    228     23    160     49     88     88    228     58    228     49    228    228     23    145     23    228    228     58     23    228     23    206     88     23    228    302     39    259    232    303    312    215    158    163     95    105    253    244    244    239    239    265    215    144    144    215    265    244     57    215    215    203    208     82    215    312    303    174    304    272    311    224     52    164    107    254    118    247     65    242    267    264    222     27    222    264    268    243    218     33    226    115    207    220    311    272    200    150    120      6    281    289    291
    126    139    131    138    131    139    132    132    131    131    131    131    141    131    131    131    136    131    138    134    134    134    134    134    134    134    134    134    134    134    134    134    134    160    228     39    302    228     23    160     49     88     88    228     58    228     49    228    228     23    183     23    228    228     58     23    228     23    147     23    228    302     39    259    232    303    312    215    158    163     95    105    253    244    244    239    239    265    215    178    178    215    265    244     57    215    215    146    146    215    312    303    174    304    272    311    224     52    164    107    254    118    247     65    242    267    264    225     31    225    264    268    243    218     33    223     28    223    311    272    201    151    120      8    281    289    291
    132    139    131    138    131    139    132    132    131    131    131    131    141    132    131    131    131    136    131    138    134    134    134    134    134    134    134    134    134    134    134    134    134    134    134    134    160    228     39    302    228     23    160     49     88     88    228     58    228     49    228    228     23    183     88     23    228    228     58     23    228     23    147     23    228    302     39    259    232    303    312    215    158    163     95    105    253    244    244    239    239    265    215    178    189     82    215    265    244     57    215    215    146    146    215    312    303    174    304    272    311    224     52    164    107    254    118    247     65    242    267    264    225    112    188    220    264    268    243    218     33    223     28    223    311    272    201    151    120      8    281    289    291
    132    139    131    138    131    139    132    132    131    131    131    131    132    141    131    131    131    136    131    138    134    134    134    134    134    134    134    134    134    134    134    134    134    134    134    134    160    228     39    302    228     23    160     49     88     88    228     58    228     49    228    228     23     88    183     23    228    228     58     23    228     23    147     23    228    302     39    259    232    303    312    215    158    163     95    105    253    244    244    239    239    265    215     82    189    178    215    265    244     57    215    215    146    146    215    312    303    174    304    272    311    224     52    164    107    254    118    247     65    242    267    264    220    188    112    225    264    268    243    218     33    223     28    223    311    272    201    151    120      8    281    289    291
    139    139    131    138    131    139    132    132    131    131    131    131    132    139    132    131    131    131    136    131    138    134    134    134    134    134    134    134    134    134    134    134    134    134    134    134    134    134    134    134    160    228     39    302    228     23    160     49     88     88    228     58    228     49    228    228     23     88    160     88     23    228    228     58     23    228     23    147     23    228    302     39    259    232    303    312    215    158    163     95    105    253    244    244    239    239    265    215     82    168    168     82    215    265    244     57    215    215    146    146    215    312    303    174    304    272    311    224     52    164    107    254    118    247     65    242    267    264    220    167    111    167    220    264    268    243    218     33    223     28    223    311    272    199    151    120      3    282    289    291
    132    139    131    138    131    139    132    132    131    131    131    131    130    137    131    131    131    136    131    138    134    134    134    134    134    134    134    134    134    134    134    134    134    160    228     39    302    228     23    160     49     88     88    228     58    228     49    228    228     23     88      1    160     23    228    228     58     23    228     23    147     23    228    302     39    259    232    303    312    215    158    163     95    105    253    244    244    239    239    265    215     82     79    156    158    215    265    244     57    215    215    146    146    215    312    303    174    304    272    311    224     52    164    107    254    118    247     65    242    267    264    220     24    157     29    224    264    268    243    218     33    223     28    223    311    272    199    151    121     10    281    289    291
    139    139    131    138    131    139    132    132    131    131    131    131    130    130    132    131    131    131    136    131    138    134    134    134    134    134    134    134    134    134    134    134    134    134    134    134    134    160    228     39    302    228     23    160     49     88     88    228     58    228     49    228    228     23     88      1     88     88     23    228    228     58     23    228     23    147     23    228    302     39    259    232    303    312    215    158    163     95    105    253    244    244    239    239    265    215     82     79     79    105     82    215    265    244     57    215    215    146    146    215    312    303    174    304    272    311    224     52    164    107    254    118    247     65    242    267    264    220     24     80    103    104    220    264    268    243    218     33    223     28    223    311    272    199    151    121     10    282    289    291
    144    139    131    138    131    139    132    132    131    131    131    131    132    132    132    131    131    131    136    131    138    134    134    134    134    134    134    134    134    134    134    134    134    134    134    134    134    134    134    160    228     39    302    228     23    160     49     88     88    228     58    228     49    228    228     23     88     49     88     88     49     23    228    228     58     23    228     23    147     23    228    302     39    259    232    303    312    215    158    163     95    105    253    244    244    239    239    265    215     82     95     95    105     95     48    215    265    244     57    215    215    146    146    215    312    303    174    304    272    311    224     52    164    107    254    118    247     65    242    267    264    220     51     96    107    107     94    217    264    268    243    218     33    223     28    223    311    272    199    151    120      3    282    290    291
    148    139    131    138    131    139    132    132    131    131    131    131    131    138    138    138    131    131    131    131    131    136    131    138    134    134    134    134    134    134    134    134    134    134    134    134    134    134    134    213    160    228     39    302    228     23    160     49     88     88    228     58    228     49    228    228     23    228     49    302    228    228     49     23    228    228     58     23    228     23    147     23    228    302     39    259    232    303    312    215    158    163     95    105    253    244    244    239    239    265    215    215    239    306    312    265    239     48    215    265    244     57    215    215    146    146    215    312    303    174    304    272    311    224     52    164    107    254    118    247     65    242    267    264    227     53    307    273    317    267    238    217    264    268    243    218     33    223     28    223    311    272    199    151    120      3    283    289    291
    143    139    131    138    131    139    132    132    131    131    131    131    130    137    131    131    132    139    131    136    131    138    134    134    134    134    134    134    134    134    134    134    134    134    134    134    134    134    160    228     39    302    228     23    160     49     88     88    228     58    228     49    228    228     23     88      1    160     23    228    228     58     88    160     23    228     23    147     23    228    302     39    259    232    303    312    215    158    163     95    105    253    244    244    239    239    265    215     82     79    156    158    215    265    244     98    168    158    215    215    146    146    215    312    303    174    304    272    311    224     52    164    107    254    118    247     65    242    267    264    220     24    157     29    224    264    268    246    171    110    224     33    223     28    223    311    272    199    151    121     10    281    289    291
    149    139    131    138    131    139    132    132    131    131    131    131    130    137    131    131    132    139    132    131    136    131    138    134    134    134    134    134    134    134    134    134    134    134    134    134    134    134    134    134    134    160    228     39    302    228     23    160     49     88     88    228     58    228     49    228    228     23     88      1    160     23    228    228     58     88    160     88     23    228     23    147     23    228    302     39    259    232    303    312    215    158    163     95    105    253    244    244    239    239    265    215     82     79    156    158    215    265    244     98    168    168     82    215    215    146    146    215    312    303    174    304    272    311    224     52    164    107    254    118    247     65    242    267    264    220     24    157     29    224    264    268    246    171    111    167    220     33    223     28    223    311    272    199    151    121     10    282    289    291
    155    139    131    138    131    139    132    132    131    131    131    131    130    137    131    131    132    139    132    132    131    136    131    138    134    134    134    134    134    134    134    134    134    134    134    134    134    134    134    134    134    134    134    134    160    228     39    302    228     23    160     49     88     88    228     58    228     49    228    228     23     88      1    160     23    228    228     58     88    160     88     88     23    228     23    147     23    228    302     39    259    232    303    312    215    158    163     95    105    253    244    244    239    239    265    215     82     79    156    158    215    265    244     98    168    168    105     82    215    215    146    146    215    312    303    174    304    272    311    224     52    164    107    254    118    247     65    242    267    264    220     24    157     29    224    264    268    246    171    111    172    104    220     33    223     28    223    311    272    199    151    121     10    282    289    291
    183    139    131    138    131    139    132    132    131    131    131    131    130    137    131    131    132    139    131    131    139    132    138    131    131    136    131    138    134    134    134    134    134    134    134    134    134    134    134    134    134    134    134    134    134    134    134    134    160    228     39    302    228     23    160     49     88     88    228     58    228     49    228    228     23     88      1    160     23    228    228     58     88    160    228     49    228    302     23     88     23    302    228     49     23    228     23    147     23    228    302     39    259    232    303    312    215    158    163     95    105    253    244    244    239    239    265    215     82     79    156    158    215    265    244     98    168    259    239    239    312    294     82     82    294    312    239     48    215    215    146    146    215    312    303    174    304    272    311    224     52    164    107    254    118    247     65    242    267    264    220     24    157     29    224    264    268    246    171    262    175    242    314    271    298     25    298    271    314    238    217     33    223     28    223    311    272    199    151    121     10    282    289    291
    176    139    131    138    131    139    132    132    131    131    131    131    130    137    131    131    132    139    131    131    131    131    138    131    131    136    131    138    134    134    134    134    134    134    134    134    134    134    134    134    134    134    134    134    134    134    134    160    228     39    302    228     23    160     49     88     88    228     58    228     49    228    228     23     88      1    160     23    228    228     58     88    160    228     49    228    228    228    302    228     49     23    228     23    147     23    228    302     39    259    232    303    312    215    158    163     95    105    253    244    244    239    239    265    215     82     79    156    158    215    265    244     98    168    259    239    239    265    265    312    312    239     48    215    215    146    146    215    312    303    174    304    272    311    224     52    164    107    254    118    247     65    242    267    264    220     24    157     29    224    264    268    246    171    262    175    242    267    270    317    275    314    238    217     33    223     28    223    311    272    199    151    121     10    283    289    291
    182    139    131    138    131    139    132    132    131    131    131    131    130    137    131    131    132    139    132    131    131    131    131    138    131    131    136    131    138    134    134    134    134    134    134    134    134    134    134    134    134    134    134    134    134    134    134    134    134    134    160    228     39    302    228     23    160     49     88     88    228     58    228     49    228    228     23     88      1    160     23    228    228     58     88    160     88    228     49    228    228    228    302    228     49     23    228     23    147     23    228    302     39    259    232    303    312    215    158    163     95    105    253    244    244    239    239    265    215     82     79    156    158    215    265    244     98    168    168    253    239    239    265    265    312    312    239     48    215    215    146    146    215    312    303    174    304    272    311    224     52    164    107    254    118    247     65    242    267    264    220     24    157     29    224    264    268    246    171    111    255    117    242    267    270    317    275    314    238    217     33    223     28    223    311    272    199    151    121     10    284    289    291
    142    139    131    138    131    139    132    132    131    131    131    131    130    137    131    131    132    141    131    136    131    138    134    134    134    134    134    134    134    134    134    134    134    134    134    134    134    160    228     39    302    228     23    160     49     88     88    228     58    228     49    228    228     23     88      1    160     23    228    228     58     88    183     23    228     23    147     23    228    302     39    259    232    303    312    215    158    163     95    105    253    244    244    239    239    265    215     82     79    156    158    215    265    244     98    189    178    215    215    146    146    215    312    303    174    304    272    311    224     52    164    107    254    118    247     65    242    267    264    220     24    157     29    224    264    268    246    192    112    225     33    223     28    223    311    272    201    151    121     12    281    289    291
    153    139    131    138    131    139    132    132    131    131    131    131    130    137    131    131    131    140    141    131    136    131    138    134    134    134    134    134    134    134    134    134    134    134    134    134    160    228     39    302    228     23    160     49     88     88    228     58    228     49    228    228     23     88      1    160     23    228    228     58     88     23     74    183     23    183     23    228     23    147     23    228    302     39    259    232    303    312    215    158    163     95    105    253    244    244    239    239    265    215     82     79    156    158    215    265    244     98     82     73    186    178    178    178    215    215    146    146    215    312    303    174    304    272    311    224     52    164    107    254    118    247     65    242    267    264    220     24    157     29    224    264    268    246     61     86    185     78    182     31    225     33    223     28    223    311    272    201    151    124     17    283    289    291
    164    139    131    138    131    139    132    132    131    131    131    131    130    137    131    131    131    140    141    139    132    131    136    131    138    134    134    134    134    134    134    134    134    134    134    134    134    134    134    134    134    160    228     39    302    228     23    160     49     88     88    228     58    228     49    228    228     23     88      1    160     23    228    228     58     88     23     74    183     23    183    160     88     23    228     23    147     23    228    302     39    259    232    303    312    215    158    163     95    105    253    244    244    239    239    265    215     82     79    156    158    215    265    244     98     82     73    186    178    178    195    168     82    215    215    146    146    215    312    303    174    304    272    311    224     52    164    107    254    118    247     65    242    267    264    220     24    157     29    224    264    268    246     61     86    185     78    182    173    196    167    220     33    223     28    223    311    272    201    151    124     17    282    289    291
    258    140    131    139    132    132    132    141    132    132    131    131    131    131    139    131    138    131    131    136    131    139    132    132    131    131    131    131    130    137    131    131    132    141    138    131    141    132    131    134    134    134    134    134    134    134    134    134    134    134    134    134    134    134    134    134    134    134    134    134    134    134    134    134    134    134    134    134    134    183     74     88     23    160     88     39     88     88    183     88     88     39     23    228     39    228    228    228     23    160    228     49    302    228    228     23    147     23    228     23    160     58     88     88    228     68    228     58    228    228     23     88      1    160     23    228    228     68     88    183     23    302     49     23    228     23    183     88     23    228     39    186    101     82    158    168     92     92    105    189    189    105     92     37    215    232    232    265    265    215    158    259    239    306    312    265    215    146    146    215    215    158    165     98    105    253    249    249    244    244    265    215     82     79    156    158    215    265    249    100    189    178    294    306     48    215    215    178    189     82    215    232    187     75    159    110    169     93    106    194    114    194    106     91    216     44    237    266    270    264    224    258    175    307    273    317    264    223     28    223     33    224     63    166    108    254    119    251     71    247    268    264    220     24    157     29    224    264    269    250    193    112    300     55    305    217     33    225    112    188    220     44    201    151    124     17    284    289    291
    245    133    131    131    131    131    140    139    132    132    132    141    132    132    131    131    131    139    131    138    131    131    136    131    139    132    132    131    131    131    131    130    137    131    131    132    141    138    134    134    134    134    134    134    134    134    134    134    134    134    134    134    134    134    134    134    134    134    134    134    134    134    134    134    134    127    228     39    228    228     23     88     23     74    183     23    160     88     49     88     88    183     88     88     49     23    228    228    228     39    160    228     39    302    228    228     23    147     23    228     23    160     49     88     88    228     58    228     49    228    228     23     88      1    160     23    228    228     58     88    183     23    302     39    256    232    232    265    215     82     82     73    186    178    158    168     95     95    105    189    189    105     95     48    215    265    265    232    161    259    232    303    312    265    215    146    146    215    215    158    163     95    105    253    244    244    239    239    265    215     82     79    156    158    215    265    244     98    189    178    294    303    129    237    266    264    220     25     86    185     78    181    110    170     96    107    194    114    194    107     94    217    264    270    266    235    260    174    304    272    317    264    223     28    223     33    224     52    164    107    254    118    247     65    242    267    264    220     24    157     29    224    264    268    246    192    112    300     46    201    155    124     19    285    289    291
    248    132    131    131    131    131    140    139    132    132    132    141    132    132    131    131    131    139    131    138    131    131    136    131    139    132    132    131    131    131    131    130    137    131    131    132    141    138    134    134    134    134    134    134    134    134    134    134    134    134    134    134    134    134    134    134    134    134    134    134    134    134    134    134    134    134    134    134     88    228     39    228    228     23     88     23     74    183     23    160     88     49     88     88    183     88     88     49     23    228    228    228     39    160    228     39    302    228    228     23    147     23    228     23    160     49     88     88    228     58    228     49    228    228     23     88      1    160     23    228    228     58     88    183     23    302     39    253    232    232    265    215     82     82     73    186    178    158    168     95     95    105    189    189    105     95     48    215    265    265    232    161    259    232    303    312    265    215    146    146    215    215    158    163     95    105    253    244    244    239    239    265    215     82     79    156    158    215    265    244     98    189    178    294    303    116    237    266    264    220     25     86    185     78    181    110    170     96    107    194    114    194    107     94    217    264    270    266    235    260    174    304    272    317    264    223     28    223     33    224     52    164    107    254    118    247     65    242    267    264    220     24    157     29    224    264    268    246    192    112    300     46    201    151    124     17    285    289    291
    243    136    131    131    132    132    132    131    131    131    131    130    137    131    131    132    141    138    131    139    131    131    131    131    131    140    139    132    132    132    141    132    132    131    131    138    131    134    134    134    134    134    134    134    134    134    134    134    134    134    134    134    134    134    134    134    134    134    134    134    134    134    134    134    134    134    147    228     39    228     23     88     49     88     88    228     58    228     49    228    228     23     88      1    160     23    228    228     58     88    183     23    302    228     23    160    228     49    228    228    228     23     88     23     74    183     23    160     88     58     88     88    183     88     88     58     23    228    228     49     23    302    228     39    257    232    232    215     82     95     95    105    253    244    244    239    239    265    215     82     79    156    158    215    265    244     98    189    178    294    312    215    158    259    239    239    265    265    215     82     82     73    186    178    158    168     98     98    105    189    189    105     98     57    215    265    239     48    294    312    232    148    237     44    220     51     96    107    254    118    247     65    242    267    264    220     24    157     29    224    264    268    246    192    112    300    271    311    224    258    175    242    267    270    264    220     25     86    185     78    181    110    171     99    108    194    114    194    108     97    218    264    267    238    295    271    313    201    151    124     17    287    289    291
    253    136    131    131    132    132    132    131    131    131    131    130    137    131    131    132    141    138    131    139    131    131    131    131    131    140    139    132    132    132    132    141    132    132    131    131    138    131    134    134    134    134    134    134    134    134    134    134    134    134    134    134    134    134    134    134    134    134    134    134    134    134    134    134    134    134    134    134    134    209    147    228     39    228     23     88     49     88     88    228     58    228     49    228    228     23     88      1    160     23    228    228     58     88    183     23    302    228     23    160    228     49    228    228    228     23     88     23     74    183     23    160     88     58     88     88     23    183     23     88     88     58     23    228    228     49     23    302    228     39    257    232    232    215     82     95     95    105    253    244    244    239    239    265    215     82     79    156    158    215    265    244     98    189    178    294    312    215    158    259    239    239    265    265    215     82     82     73    186    178    158    168     98     98    105     82    178    178     82    105     98     57    215    265    239     48    294    312    232    148    237     44    220     51     96    107    254    118    247     65    242    267    264    220     24    157     29    224    264    268    246    192    112    300    271    311    224    258    175    242    267    270    264    220     25     86    185     78    181    110    171     99    108    104    180     31    180    104    108     97    218    264    267    238    295    271    313    201    151    125     21    287    289    291
    253    136    131    131    132    132    132    131    131    131    131    130    137    131    131    132    141    138    131    139    131    131    131    131    131    140    139    132    132    132    132    141    132    132    131    131    138    131    134    134    134    134    134    134    134    134    134    134    134    134    134    134    134    134    134    134    134    134    134    134    134    134    134    134    134    134    134    134    134    211    147    228     39    228     23     88     49     88     88    228     58    228     49    228    228     23     88      1    160     23    228    228     58     88    183     23    302    228     23    160    228     49    228    228    228     23     88     23     74    183     23    160     88     58     88     88     23    183     23     88     88     58     23    228    228     49     23    302    228     39    257    232    232    215     82     95     95    105    253    244    244    239    239    265    215     82     79    156    158    215    265    244     98    189    178    294    312    215    158    259    239    239    265    265    215     82     82     73    186    178    158    168     98     98    105     82    178    178     82    105     98     57    215    265    239     48    294    312    232    148    237     44    220     51     96    107    254    118    247     65    242    267    264    220     24    157     29    224    264    268    246    192    112    300    271    311    224    258    175    242    267    270    264    220     25     86    185     78    181    110    171     99    108    104    180     31    180    104    108     97    218    264    267    238    295    271    313    201    151    125     21    287    289    291
    244    136    131    131    132    132    132    131    131    131    131    130    137    131    131    132    141    138    131    139    131    131    131    131    131    140    139    132    132    132    139    132    132    131    131    138    131    134    134    134    134    134    134    134    134    134    134    134    134    134    134    134    134    134    134    134    134    134    134    134    134    134    134    134    134    134    134    147    228     39    228     23     88     49     88     88    228     58    228     49    228    228     23     88      1    160     23    228    228     58     88    183     23    302    228     23    160    228     49    228    228    228     23     88     23     74    183     23    160     88     58     88     88    160     88     88     58     23    228    228     49     23    302    228     39    257    232    232    215     82     95     95    105    253    244    244    239    239    265    215     82     79    156    158    215    265    244     98    189    178    294    312    215    158    259    239    239    265    265    215     82     82     73    186    178    158    168     98     98    105    168    168    105     98     57    215    265    239     48    294    312    232    148    237     44    220     51     96    107    254    118    247     65    242    267    264    220     24    157     29    224    264    268    246    192    112    300    271    311    224    258    175    242    267    270    264    220     25     86    185     78    181    110    171     99    108    172    111    172    108     97    218    264    267    238    295    271    313    201    151    124     17    287    289    291
    254    136    131    131    132    132    132    131    131    131    131    130    137    131    131    132    141    138    131    139    131    131    131    131    131    140    139    132    132    132    132    139    132    132    131    131    138    131    134    134    134    134    134    134    134    134    134    134    134    134    134    134    134    134    134    134    134    134    134    134    134    134    134    134    134    134    134    134    134    134    209    147    228     39    228     23     88     49     88     88    228     58    228     49    228    228     23     88      1    160     23    228    228     58     88    183     23    302    228     23    160    228     49    228    228    228     23     88     23     74    183     23    160     88     58     88     88     23    160     23     88     88     58     23    228    228     49     23    302    228     39    257    232    232    215     82     95     95    105    253    244    244    239    239    265    215     82     79    156    158    215    265    244     98    189    178    294    312    215    158    259    239    239    265    265    215     82     82     73    186    178    158    168     98     98    105     82    158    158     82    105     98     57    215    265    239     48    294    312    232    148    237     44    220     51     96    107    254    118    247     65    242    267    264    220     24    157     29    224    264    268    246    192    112    300    271    311    224    258    175    242    267    270    264    220     25     86    185     78    181    110    171     99    108    104    159     30    159    104    108     97    218    264    267    238    295    271    313    201    151    125     21    287    289    291
    254    136    131    131    132    132    132    131    131    131    131    130    137    131    131    132    141    138    131    139    131    131    131    131    131    140    139    132    132    132    132    139    132    132    131    131    138    131    134    134    134    134    134    134    134    134    134    134    134    134    134    134    134    134    134    134    134    134    134    134    134    134    134    134    134    134    134    134    134    134    211    147    228     39    228     23     88     49     88     88    228     58    228     49    228    228     23     88      1    160     23    228    228     58     88    183     23    302    228     23    160    228     49    228    228    228     23     88     23     74    183     23    160     88     58     88     88     23    160     23     88     88     58     23    228    228     49     23    302    228     39    257    232    232    215     82     95     95    105    253    244    244    239    239    265    215     82     79    156    158    215    265    244     98    189    178    294    312    215    158    259    239    239    265    265    215     82     82     73    186    178    158    168     98     98    105     82    158    158     82    105     98     57    215    265    239     48    294    312    232    148    237     44    220     51     96    107    254    118    247     65    242    267    264    220     24    157     29    224    264    268    246    192    112    300    271    311    224    258    175    242    267    270    264    220     25     86    185     78    181    110    171     99    108    104    159     30    159    104    108     97    218    264    267    238    295    271    313    201    151    125     21    287    289    291
    171    141    131    138    131    131    131    131    130    130    132    131    138    131    131    142    141    132    131    131    131    131    131    138    138    138    131    131    134    134    134    134    134    134    134    134    134    134    134    134    134    213    183    228     39    302    228     49    228    228    228     23     88      1     88     88     23    228     58    302    228    228    325     58     23     23    183     23     88     23    228    228     49    228     23    228     49    228    302    228     49     23    228     39    263    232    303    312    239    239    265    265    215     82     79     79    105     82    215    244    309    312    265    332    331     57     22    178    178     82     82    215    265    239    239    215    215    239    239    312    312    239     48    215    232    197    304    272    314    242    267    270    264    220     24     80    103    104    220     64    310    274    317    334    278    330     56    177     31    180     25    220    264    267    242     53    227     53    242    314    275    314    238    217     44    198    149    121      9    285    289    292
    178    132    132    141    131    138    131    131    142    130    130    131    131    131    131    138    131    139    132    131    131    131    131    138    138    138    131    131    131    134    134    134    134    134    134    134    134    134    134    134    134    134    134    134    134    213     88     88     23    183     23     23    228     39    302    228    228    325     39     23     88      1     88    228     39    228    228    228     49    302    228     23    160     88     23    228    228     23    228     58    228    302    228     58     23    228     49    228     39    105     82    178    178     22    215    232    303    312    265    332    327     37     82     79     79    253    232    232    265    265    239    306    312    215    158    168     82    215    265    215    215    244    244    312    312    244     57    215    239    239    232    104    180     31    177    214     44    304    272    317    334    276    326     83     24     80    252    116    237    266    270    267    307    273    311    224    110    167    220    264    264    227     64    247    315    275    315    243    218     53    242     54    201    149    121     11    284    289    291
    206    132    132    141    131    138    131    131    142    130    130    131    131    131    131    138    131    139    132    132    141    132    132    131    131    131    131    138    138    138    131    131    131    134    134    134    134    134    134    134    134    134    134    134    134    134    134    134    134    134    134    134    134    134    134    213     88     88     23    183     23     23    228     39    302    228    228    325     39     23     88      1     88    228     39    228    228    228     49    302    228     23    160     23     88     88    183     88     23     88     23    228    228     23    228     58    228    302    228     58     23    228     49    228     39    105     82    178    178     22    215    232    303    312    265    332    327     37     82     79     79    253    232    232    265    265    239    306    312    215    158    158     82    105    189    189     82     82     82    215    265    215    215    244    244    312    312    244     57    215    239    239    232    104    180     31    177    214     44    304    272    317    334    276    326     83     24     80    252    116    237    266    270    267    307    273    311    224     30    159    104    194    114    188     87     25    220    264    264    227     64    247    315    275    315    243    218     53    242     54    201    149    121     11    288    289    291
    219    132    132    141    131    138    131    131    142    130    130    131    131    131    131    138    131    139    132    132    139    132    132    132    131    131    131    131    138    138    138    131    131    131    134    134    134    134    134    134    134    134    134    134    134    134    134    134    134    134    134    134    134    134    134    134    134    134    134    213     88     88     23    183     23     23    228     39    302    228    228    325     39     23     88      1     88    228     39    228    228    228     49    302    228     23    160     23     88     88    160     23     88     23     88     23     88     23    228    228     23    228     58    228    302    228     58     23    228     49    228     39    105     82    178    178     22    215    232    303    312    265    332    327     37     82     79     79    253    232    232    265    265    239    306    312    215    158    158     82    105    168    158     82     82     82     82     82     82    215    265    215    215    244    244    312    312    244     57    215    239    239    232    104    180     31    177    214     44    304    272    317    334    276    326     83     24     80    252    116    237    266    270    267    307    273    311    224     30    159    104    172    110    159     25     87     25     87     25    220    264    264    227     64    247    315    275    315    243    218     53    242     54    201    149    121     11    280    289    293
    217    132    132    141    131    138    131    131    142    130    130    131    131    131    131    138    131    139    132    132    139    132    132    132    131    131    131    131    138    138    138    131    131    131    134    134    134    134    134    134    134    134    134    134    134    134    134    134    134    134    134    134    134    134    134    134    134    213     88     88     23    183     23     23    228     39    302    228    228    325     39     23     88      1     88    228     39    228    228    228     49    302    228     23    160     58     88     88    160     23     88     23     88     88     58     23    228    228     23    228     58    228    302    228     58     23    228     49    228     39    105     82    178    178     22    215    232    303    312    265    332    327     37     82     79     79    253    232    232    265    265    239    306    312    215    158    165     98    105    168    158     82     82     82    105     98     57    215    265    215    215    244    244    312    312    244     57    215    239    239    232    104    180     31    177    214     44    304    272    317    334    276    326     83     24     80    252    116    237    266    270    267    307    273    311    224     63    166    108    172    110    159     25     87    104    108     97    218    264    264    227     64    247    315    275    315    243    218     53    242     54    201    149    121     11    285    289    291
    140    132    132    141    132    130    130    131    131    131    131    138    131    131    131    131    131    138    138    138    131    131    131    134    134    134    134    134    134    134    134    134    134    134    134    134    134    213     88     88     23    183     23     23     88     23     88      1     88    228     39    228    228    228     49    302    228    228    228     23    228     58    228    302    228     58     23    228     49    228     39    105     82    178    178     22     82     82     82     79     79    253    232    232    265    265    239    306    312    265    265    215    215    244    244    312    312    244     57    215    239    239    232    104    180     31    177     81     25     87     24     80    252    116    237    266    270    267    307    273    317    270    264    227     64    247    315    275    315    243    218     53    242     54    198    149    121      9    285    289    291
    162    132    132    141    131    131    131    131    142    130    130    131    131    131    131    138    131    131    131    131    131    138    138    138    131    131    131    134    134    134    134    134    134    134    134    134    134    134    134    134    134    213     88     88     23    183     23     23    228     39    228    228    228    325     39     23     88      1     88    228     39    228    228    228     49    302    228    228    228     23    228     58    228    302    228     58     23    228     49    228     39    105     82    178    178     22    215    232    232    265    265    332    327     37     82     79     79    253    232    232    265    265    239    306    312    265    265    215    215    244    244    312    312    244     57    215    239    239    232    104    180     31    177    214     44    237    266    270    334    276    326     83     24     80    252    116    237    266    270    267    307    273    317    270    264    227     64    247    315    275    315    243    218     53    242     54    198    149    121      9    285    289    291
    161    132    132    141    131    138    131    131    142    130    130    131    131    131    131    138    131    131    131    131    131    138    138    138    131    131    131    134    134    134    134    134    134    134    134    134    134    134    134    134    213     88     88     23    183     23     23    228     39    302    228    228    325     39     23     88      1     88    228     39    228    228    228     49    302    228    228    228     23    228     58    228    302    228     58     23    228     49    228     39    105     82    178    178     22    215    232    303    312    265    332    327     37     82     79     79    253    232    232    265    265    239    306    312    265    265    215    215    244    244    312    312    244     57    215    239    239    232    104    180     31    177    214     44    304    272    317    334    276    326     83     24     80    252    116    237    266    270    267    307    273    317    270    264    227     64    247    315    275    315    243    218     53    242     54    198    149    121      9    284    289    291
    156    141    132    130    130    131    131    131    131    138    131    131    131    131    131    138    138    138    131    131    131    132    132    132    132    132    134    134    134    134    134    134    134    134    134    134    134    134    134    134    134    134    134    134    213    183     88     39     23     88      1     88    228     49    228    228    228     58    302    228    228    228     23    228     68    228    302    228     68     23    228     58    228     49     23     88     88     88     88     88     39    189     92     37     82     79     79    253    239    239    265    265    244    309    312    265    265    215    215    249    249    312    312    249     67    215    244    244    239     48     82    105    105    105    105     92    190     91     83     24     80    252    117    242    267    270    268    310    274    317    270    264    227     70    251    316    275    316    248    219     64    247     65    238     84    104    109    109    109    106    198    149    121      9    284    289    291
    150    141    132    130    130    131    131    131    131    138    131    131    131    131    131    138    138    138    131    131    131    132    132    132    132    134    134    134    134    134    134    134    134    134    134    134    134    134    134    134    134    213    183     88     39     23     88      1     88    228     49    228    228    228     58    302    228    228    228     23    228     68    228    302    228     68     23    228     58    228     49     23     88     88     88     88     39    189     92     37     82     79     79    253    239    239    265    265    244    309    312    265    265    215    215    249    249    312    312    249     67    215    244    244    239     48     82    105    105    105     92    190     91     83     24     80    252    117    242    267    270    268    310    274    317    270    264    227     70    251    316    275    316    248    219     64    247     65    238     84    104    109    109    106    198    149    121      9    284    289    291
    169    132    132    141    131    138    131    131    142    131    131    131    131    131    131    138    131    131    131    131    131    138    138    138    131    131    131    134    134    134    134    134    134    134    134    134    134    134    134    134    134    134    213     88     88     23    183     23     23    228     39    302    228    228    325     39     23     35     88     74     88     35    228     39    228    228    228     49    302    228    228    228     23    228     58    228    302    228     58     23    228     49    228     39    105     82    178    178     22    215    232    303    312    265    332    327     37     34     90    101    101     90    229    232    232    265    265    239    306    312    265    265    215    215    244    244    312    312    244     57    215    239    239    232    104    180     31    177    214     44    304    272    317    334    276    326     38     89     76    102     76    230     45    237    266    270    267    307    273    317    270    264    227     64    247    315    275    315    243    218     53    242     54    198    149    123     15    284    289    292
    174    132    132    141    131    138    131    131    142    130    130    131    131    131    131    131    139    131    131    131    131    138    131    139    138    131    131    134    134    134    134    134    134    134    134    134    134    134    134    134    134    134     88     88     23    183     23     23    228     39    302    228    228    325     39     23     88      1     88    228     39    228    228    228    228     23    302     49    228    228    228     58    228    302    228     23    160     23    302    228     49     58     23    228     39    105     82    178    178     22    215    232    303    312    265    332    327     37     82     79     79    253    232    232    265    265    265    215    294    306    239    265    265    244    244    312    312    215    158    158    294    312    239     59     57    215    232    104    180     31    177    214     44    304    272    317    334    276    326     83     24     80    252    116    237    266    270    270    264    301     55    307    267    270    268    247    315    275    311    224     30    299    271    314    240     50    218     44    201    149    121     11    283    289    291
    177    132    132    141    131    138    131    131    142    130    130    131    131    131    139    131    131    131    131    138    131    139    138    131    131    131    131    133    134    134    134    134    134    134    134    134    134    134    134    134    134    134     88     88     23    183     23     23    228     39    302    228    228    325     39     23     88      1     88    228     39    228    228     23    302     49    228    228    228     58    228    302    228     23    160     23    302    228     49     58     23    228    228    228     39    127    105     82    178    178     22    215    232    303    312    265    332    327     37     82     79     79    253    232    232    265    215    294    306    239    265    265    244    244    312    312    215    158    158    294    312    239     59     57    215    265    265    232    128    104    180     31    177    214     44    304    272    317    334    276    326     83     24     80    252    116    237    266    264    301     55    307    267    270    268    247    315    275    311    224     30    299    271    314    240     50    218    264    270    266    234    201    153    121     13    283    289    291
    183    132    132    141    131    138    131    131    142    130    130    131    131    131    131    133    131    139    131    131    131    131    138    131    139    138    131    131    134    134    134    134    134    134    134    134    134    134    134    134    134    134     88     88     23    183     23     23    228     39    302    228    228    325     39     23     88      1     88    228     39    228    228    228     23    127     23    228     23    302     49    228    228    228     58    228    302    228     23    160     23    302    228     49     58     23    228     39    105     82    178    178     22    215    232    303    312    265    332    327     37     82     79     79    253    232    232    265    265    215    126    126    215    215    294    306    239    265    265    244    244    312    312    215    158    158    294    312    239     59     57    215    232    104    180     31    177    214     44    304    272    317    334    276    326     83     24     80    252    116    237    266    270    264    221     26    221     33    301     55    307    267    270    268    247    315    275    311    224     30    299    271    314    240     50    218     44    201    153    121     13    283    289    291
    186    132    132    141    131    138    131    131    142    130    130    131    131    131    139    131    131    131    131    138    131    139    138    131    131    133    131    131    133    134    134    134    134    134    134    134    134    134    134    134    134    134     88     88     23    183     23     23    228     39    302    228    228    325     39     23     88      1     88    228     39    228    228     23    302     49    228    228    228     58    228    302    228     23    160     23    302    228     49     58     23    228     23    127     23    228    228     39    127    105     82    178    178     22    215    232    303    312    265    332    327     37     82     79     79    253    232    232    265    215    294    306    239    265    265    244    244    312    312    215    158    158    294    312    239     59     57    215    215    126    126    215    265    232    128    104    180     31    177    214     44    304    272    317    334    276    326     83     24     80    252    116    237    266    264    301     55    307    267    270    268    247    315    275    311    224     30    299    271    314    240     50    218     33    221     26    221    264    266    234    201    153    121     13    283    289    291
    184    132    132    141    131    138    131    131    142    130    130    131    131    131    139    131    131    131    131    138    131    139    138    131    131    131    131    141    132    134    134    134    134    134    134    134    134    134    134    134    134    134    134    134    134    134     88     88     23    183     23     23    228     39    302    228    228    325     39     23     88      1     88    228     39    228    228     23    302     49    228    228    228     58    228    302    228     23    160     23    302    228     49     58     23    228    228    228     39    183     88    105     82    178    178     22    215    232    303    312    265    332    327     37     82     79     79    253    232    232    265    215    294    306    239    265    265    244    244    312    312    215    158    158    294    312    239     59     57    215    265    265    232    184    189    104    180     31    177    214     44    304    272    317    334    276    326     83     24     80    252    116    237    266    264    301     55    307    267    270    268    247    315    275    311    224     30    299    271    314    240     50    218    264    270    266    236    113    201    149    121     11    283    289    291
    190    132    132    141    131    138    131    131    142    130    130    131    131    131    131    141    132    131    139    131    131    131    131    138    131    139    138    131    131    134    134    134    134    134    134    134    134    134    134    134    134    134    134    134    134    134     88     88     23    183     23     23    228     39    302    228    228    325     39     23     88      1     88    228     39    228    228    228     23    183     88     23    228     23    302     49    228    228    228     58    228    302    228     23    160     23    302    228     49     58     23    228     39    105     82    178    178     22    215    232    303    312    265    332    327     37     82     79     79    253    232    232    265    265    215    178    189     82    215    215    294    306    239    265    265    244    244    312    312    215    158    158    294    312    239     59     57    215    232    104    180     31    177    214     44    304    272    317    334    276    326     83     24     80    252    116    237    266    270    264    225    112    188    220     33    301     55    307    267    270    268    247    315    275    311    224     30    299    271    314    240     50    218     44    201    149    121     11    283    289    291
    180    132    132    141    131    138    131    131    142    130    130    131    131    131    139    131    131    131    131    138    131    139    138    131    131    131    131    132    134    134    134    134    134    134    134    134    134    134    134    134    134    134    134    134    134     88     88     23    183     23     23    228     39    302    228    228    325     39     23     88      1     88    228     39    228    228     23    302     49    228    228    228     58    228    302    228     23    160     23    302    228     49     58     23    228    228    228     39     88    105     82    178    178     22    215    232    303    312    265    332    327     37     82     79     79    253    232    232    265    215    294    306    239    265    265    244    244    312    312    215    158    158    294    312    239     59     57    215    265    265    232     92    104    180     31    177    214     44    304    272    317    334    276    326     83     24     80    252    116    237    266    264    301     55    307    267    270    268    247    315    275    311    224     30    299    271    314    240     50    218    264    270    266    233    201    149    121     11    283    289    291
    186    132    132    141    131    138    131    131    142    130    130    131    131    131    131    132    131    139    131    131    131    131    138    131    139    138    131    131    134    134    134    134    134    134    134    134    134    134    134    134    134    134    134    134    134     88     88     23    183     23     23    228     39    302    228    228    325     39     23     88      1     88    228     39    228    228    228     23     88     23    228     23    302     49    228    228    228     58    228    302    228     23    160     23    302    228     49     58     23    228     39    105     82    178    178     22    215    232    303    312    265    332    327     37     82     79     79    253    232    232    265    265    215     82     82    215    215    294    306    239    265    265    244    244    312    312    215    158    158    294    312    239     59     57    215    232    104    180     31    177    214     44    304    272    317    334    276    326     83     24     80    252    116    237    266    270    264    220     25    220     33    301     55    307    267    270    268    247    315    275    311    224     30    299    271    314    240     50    218     44    201    149    121     11    283    289    291
    184    137    130    131    131    131    131    139    131    131    131    131    138    131    139    138    131    131    131    130    130    132    131    138    131    131    142    141    132    134    134    134    134    134    134    134    134    134    134    134    134    134    134    160      1     88    228     39    228    228    228     23    302     49    228    228    228     58    228    302    228     23    160     23    302    228     49     58     23    228    228     39     88      1     88     88     23    228     39    302    228    228    325     39     23     23    183     23     88    156     79    253    232    232    265    265    215    294    306    239    265    265    244    244    312    312    215    158    158    294    312    239     59     57    215    265    232     92     79     79    105     82    215    232    303    312    265    332    327     37     22    178    178     82    157    252    116    237    266    270    264    301     55    307    267    270    268    247    315    275    311    224     30    299    271    314    240     50    218    264    266    233     40     80    103    104    220     44    304    272    317    334    276    326     36    177     31    180    201    149    121     11    283    289    291
    190    137    130    131    131    131    130    130    132    131    138    131    131    142    141    132    131    131    139    131    131    131    131    138    131    139    138    131    131    134    134    134    134    134    134    134    134    134    134    134    134    134    134    160      1     88    228     39    228    228     23     88      1     88     88     23    228     49    302    228    228    325     49     23     23    183     23     88     23    228    228     23    302     49    228    228    228     58    228    302    228     23    160     23    302    228     49     58     23    228     39    156     79    253    232    232    265    215     82     79     79    105     82    215    239    306    312    265    332    329     48     22    178    178     82     82    215    265    215    294    306    239    265    265    244    244    312    312    215    158    158    294    312    239     59     57    215    232    157    252    116    237    266    264    220     24     80    103    104    220     53    307    273    317    334    277    328     47    177     31    180     25    220    264    264    301     55    307    267    270    268    247    315    275    311    224     30    299    271    314    240     50    218     44    201    149    121     11    284    289    291
    200    132    132    141    131    138    131    131    142    130    130    131    131    131    139    131    131    131    131    138    131    139    138    131    131    131    131    141    132    132    141    132    134    134    134    134    134    134    134    134    134    134    134    134    134    134    134    134    134    134    134    134    134     88     88     23    183     23     23    228     39    302    228    228    325     39     23     88      1     88    228     39    228    228     23    302     49    228    228    228     58    228    302    228     23    160     23    302    228     49     58     23    228    228    228     39    183     88     88    183     88    105     82    178    178     22    215    232    303    312    265    332    327     37     82     79     79    253    232    232    265    215    294    306    239    265    265    244    244    312    312    215    158    158    294    312    239     59     57    215    265    265    232    184    189    105    189    189    104    180     31    177    214     44    304    272    317    334    276    326     83     24     80    252    116    237    266    264    301     55    307    267    270    268    247    315    275    311    224     30    299    271    314    240     50    218    264    270    266    236    113    194    194    114    201    149    121     11    284    290    291
    186    132    132    141    131    138    131    131    142    130    130    131    131    131    131    131    139    131    131    136    131    131    138    131    139    138    131    131    134    134    134    134    134    134    134    134    134    134    134    134    134    134    134    134    134     88     88     23    183     23     23    228     39    302    228    228    325     39     23     88      1     88    228     39    228    228    228    228     23    302     49    228    228     23    147     23    228     58    228    302    228     23    160     23    302    228     49     58     23    228     39    105     82    178    178     22    215    232    303    312    265    332    327     37     82     79     79    253    232    232    265    265    265    215    294    306    239    265    215    146    146    215    244    244    312    312    215    158    158    294    312    239     59     57    215    232    104    180     31    177    214     44    304    272    317    334    276    326     83     24     80    252    116    237    266    270    270    264    301     55    307    267    264    223     28    223     64    247    315    275    311    224     30    299    271    314    240     50    218     44    201    151    121     12    283    289    291
    190    132    132    141    131    138    131    131    142    130    130    131    131    131    131    131    139    131    131    131    131    141    132    138    131    139    138    131    131    134    134    134    134    134    134    134    134    134    134    134    134    134    134    134    134    134     88     88     23    183     23     23    228     39    302    228    228    325     39     23     88      1     88    228     39    228    228    228    228     23    302     49    228    228    228     58    228     23    183     88     23    302    228     23    160     23    302    228     49     58     23    228     39    105     82    178    178     22    215    232    303    312    265    332    327     37     82     79     79    253    232    232    265    265    265    215    294    306    239    265    265    244    244    215    178    189     82    294    312    215    158    158    294    312    239     59     57    215    232    104    180     31    177    214     44    304    272    317    334    276    326     83     24     80    252    116    237    266    270    270    264    301     55    307    267    270    268    247     64    225    112    188    298    271    311    224     30    299    271    314    240     50    218     44    201    149    121     11    282    289    291
    174    132    132    141    131    138    131    131    142    130    130    131    131    131    131    139    131    131    131    131    138    131    139    138    131    131    131    134    134    134    134    134    134    134    134    134    134    134    134    134    134    134     88     88     23    183     23     23    228     39    302    228    228    325     39     23     88      1     88    228     39    228    228    228     23    302     49    228    228    228     58    228    302    228     23    160     23    302    228     49     58     23    228    228     39    105     82    178    178     22    215    232    303    312    265    332    327     37     82     79     79    253    232    232    265    265    215    294    306    239    265    265    244    244    312    312    215    158    158    294    312    239     59     57    215    265    232    104    180     31    177    214     44    304    272    317    334    276    326     83     24     80    252    116    237    266    270    264    301     55    307    267    270    268    247    315    275    311    224     30    299    271    314    240     50    218    264    266    201    149    121     11    283    289    291
    173    132    132    141    131    138    131    131    142    130    130    131    138    131    131    131    139    131    131    131    131    138    131    139    138    131    131    134    134    134    134    134    134    134    134    134    134    134    134    134    134     88     88     23    183     23     23    228     39    302    228    228    325     39     23     88      1     88    228     39    302    228    228    228     23    302     49    228    228    228     58    228    302    228     23    160     23    302    228     49     58     23    228     39    105     82    178    178     22    215    232    303    312    265    332    327     37     82     79     79    253    232    303    312    265    265    215    294    306    239    265    265    244    244    312    312    215    158    158    294    312    239     59     57    215    232    104    180     31    177    214     44    304    272    317    334    276    326     83     24     80    252    116    304    272    317    270    264    301     55    307    267    270    268    247    315    275    311    224     30    299    271    314    240     50    218     44    201    149    121     11    282    289    291
    185    132    132    141    131    138    141    131    132    131    130    130    131    138    131    131    131    139    131    131    131    131    138    131    139    138    131    131    134    134    134    134    134    134    134    134    134    134    134    134    134    134    134    134     88     88     23    183     23     23    228     39    302    320    228     23     88     23    228     39     23     88      1     88    228     39    302    228    228    228     23    302     49    228    228    228     58    228    302    228     23    160     23    302    228     49     58     23    228     39    105     82    178    178     22    215    232    303    323    322    215     82     82    215    232     37     82     79     79    253    232    303    312    265    265    215    294    306    239    265    265    244    244    312    312    215    158    158    294    312    239     59     57    215    232    104    180     31    177    214     44    304    324    319    321    220     25    220     44    231     83     24     80    252    116    304    272    317    270    264    301     55    307    267    270    268    247    315    275    311    224     30    299    271    314    240     50    218     44    201    149    121     11    282    289    291
    178    132    132    141    131    138    131    131    138    131    130    130    131    138    131    131    131    139    131    131    131    131    138    131    139    138    131    131    134    134    134    134    134    134    134    134    134    134    134    134    134    134    134     88     88     23    183     23     23    228     39    302    228    228    302    228     39     23     88      1     88    228     39    302    228    228    228     23    302     49    228    228    228     58    228    302    228     23    160     23    302    228     49     58     23    228     39    105     82    178    178     22    215    232    303    312    265    312    312    232     37     82     79     79    253    232    303    312    265    265    215    294    306    239    265    265    244    244    312    312    215    158    158    294    312    239     59     57    215    232    104    180     31    177    214     44    304    272    317    317    275    313    231     83     24     80    252    116    304    272    317    270    264    301     55    307    267    270    268    247    315    275    311    224     30    299    271    314    240     50    218     44    201    149    121     11    283    290    291
    178    140    131    139    132    132    132    132    130    130    131    138    131    131    131    139    131    131    131    131    138    131    139    138    131    131    141    134    134    134    134    134    134    134    134    134    134    134    134    134    134    134    134    183     74     88     39    160     23     88     23     88     88     88     39     23     88      1     88    228     39    302    228    228    228     23    302     49    228    228    228     58    228    302    228     23    160     23    302    228     49     58     23    228     39     23    183    186    101     92    161    158     82     82     82    105    105     92     37     82     79     79    253    232    303    312    265    265    215    294    306    239    265    265    244    244    312    312    215    158    158    294    312    239     59     57    215    232     37    178    187     77    162     42    159     25     87    104    109    106     91     83     24     80    252    116    304    272    317    270    264    301     55    307    267    270    268    247    315    275    311    224     30    299    271    314    240     50    218     44    231    179    201    149    124     16    283    289    291
    184    140    131    139    132    132    132    132    132    130    130    131    138    131    131    131    139    131    131    131    131    138    131    139    138    131    131    141    134    134    134    134    134    134    134    134    134    134    134    134    134    134    134    134    134    134    183     74     88     39    160     23     88     23     88     88     88     88     39     23     88      1     88    228     39    302    228    228    228     23    302     49    228    228    228     58    228    302    228     23    160     23    302    228     49     58     23    228     39     23    183    186    101     92    161    158     82     82     82    105    105    105     92     37     82     79     79    253    232    303    312    265    265    215    294    306    239    265    265    244    244    312    312    215    158    158    294    312    239     59     57    215    232     37    178    187     77    162     42    159     25     87    104    109    109    106     91     83     24     80    252    116    304    272    317    270    264    301     55    307    267    270    268    247    315    275    311    224     30    299    271    314    240     50    218     44    231    179    201    149    124     16    283    289    291
    167    141    132    130    130    131    138    131    131    131    139    131    131    131    131    138    131    139    138    131    131    132    132    139    132    132    134    134    134    134    134    134    134    134    134    134    134    134    134    134    134    134    134    134    183     88     39     23     88      1     88    228     49    302    228    228    228     23    302     58    228    228    228     68    228    302    228     23    160     23    302    228     58     68     23    228     49     23     88     88    160     88     88     39    189     92     37     82     79     79    253    239    306    312    265    265    215    294    309    244    265    265    249    249    312    312    215    158    158    294    312    244     69     67    215    239     48     82    105    168    168    105     92    190     91     83     24     80    252    117    307    273    317    270    264    301     66    310    268    270    269    251    316    275    311    224     30    299    271    315    245     60    219     53    238     84    104    172    111    172    106    201    149    121     11    283    289    291
    162    141    132    130    130    131    138    131    131    131    139    131    131    131    131    138    131    139    138    131    131    132    132    132    132    134    134    134    134    134    134    134    134    134    134    134    134    134    134    134    134    134    183     88     39     23     88      1     88    228     49    302    228    228    228     23    302     58    228    228    228     68    228    302    228     23    160     23    302    228     58     68     23    228     49     23     88     88     88     88     39    189     92     37     82     79     79    253    239    306    312    265    265    215    294    309    244    265    265    249    249    312    312    215    158    158    294    312    244     69     67    215    239     48     82    105    105    105     92    190     91     83     24     80    252    117    307    273    317    270    264    301     66    310    268    270    269    251    316    275    311    224     30    299    271    315    245     60    219     53    238     84    104    109    109    106    201    149    121     11    282    289    291
    168    141    132    130    130    131    138    131    131    131    139    131    131    131    131    138    131    139    138    131    131    132    132    132    132    132    134    134    134    134    134    134    134    134    134    134    134    134    134    134    134    134    134    134    134    183     88     39     23     88      1     88    228     49    302    228    228    228     23    302     58    228    228    228     68    228    302    228     23    160     23    302    228     58     68     23    228     49     23     88     88     88     88     88     39    189     92     37     82     79     79    253    239    306    312    265    265    215    294    309    244    265    265    249    249    312    312    215    158    158    294    312    244     69     67    215    239     48     82    105    105    105    105     92    190     91     83     24     80    252    117    307    273    317    270    264    301     66    310    268    270    269    251    316    275    311    224     30    299    271    315    245     60    219     53    238     84    104    109    109    109    106    201    149    121     11    282    289    291
    174    141    132    130    130    131    138    131    131    131    139    131    131    131    131    138    131    139    138    131    131    132    132    132    132    132    132    134    134    134    134    134    134    134    134    134    134    134    134    134    134    134    134    134    134    134    134    134    183     88     39     23     88      1     88    228     49    302    228    228    228     23    302     58    228    228    228     68    228    302    228     23    160     23    302    228     58     68     23    228     49     23     88     88     88     88     88     88     39    189     92     37     82     79     79    253    239    306    312    265    265    215    294    309    244    265    265    249    249    312    312    215    158    158    294    312    244     69     67    215    239     48     82    105    105    105    105    105     92    190     91     83     24     80    252    117    307    273    317    270    264    301     66    310    268    270    269    251    316    275    311    224     30    299    271    315    245     60    219     53    238     84    104    109    109    109    109    106    201    149    121     11    282    289    291
    182    132    132    141    131    138    131    131    142    130    130    131    138    131    131    133    131    139    131    131    131    131    138    131    139    138    131    131    134    134    134    134    134    134    134    134    134    134    134    134    134     88     88     23    183     23     23    228     39    302    228    228    325     39     23     88      1     88    228     39    302    228    228     23    127     23    228     23    302     49    228    228    228     58    228    302    228     23    160     23    302    228     49     58     23    228     39    105     82    178    178     22    215    232    303    312    265    332    327     37     82     79     79    253    232    303    312    265    215    126    126    215    215    294    306    239    265    265    244    244    312    312    215    158    158    294    312    239     59     57    215    232    104    180     31    177    214     44    304    272    317    334    276    326     83     24     80    252    116    304    272    317    264    221     26    221     33    301     55    307    267    270    268    247    315    275    311    224     30    299    271    314    240     50    218     44    201    153    121     13    282    289    291
    179    140    131    139    132    132    132    132    130    130    131    138    131    131    131    139    131    131    131    131    131    131    139    138    131    131    141    134    134    134    134    134    134    134    134    134    134    134    134    134    134    134    134    134    183     74     88     39    160     23     88     23     88     88     88     39     23     88      1     88    228     39    302    228    228    228     23    302     49    228    228    228     58    228    228    228     23    160     23    302    228     49     58     23    228     39     23    183    186    101     92    161    158     82     82     82    105    105     92     37     82     79     79    253    232    303    312    265    265    215    294    306    239    265    265    244    244    265    265    215    158    158    294    312    239     59     57    215    232     37    178    187     77    162     42    159     25     87    104    109    106     91     83     24     80    252    116    304    272    317    270    264    301     55    307    267    270    268    247    268    270    264    224     30    299    271    314    240     50    218     44    231    179    201    149    124     16    282    289    291
    190    140    131    139    132    132    132    132    130    130    131    138    131    131    131    139    131    131    131    131    132    138    131    139    138    131    131    141    134    134    134    134    134    134    134    134    134    134    134    134    134    134    134    134    134    134    183     74     88     39    160     23     88     23     88     88     88     39     23     88      1     88    228     39    302    228    228    228     23    302     49    228    228    228     58    228     23     88     23    302    228     23    160     23    302    228     49     58     23    228     39     23    183    186    101     92    161    158     82     82     82    105    105     92     37     82     79     79    253    232    303    312    265    265    215    294    306    239    265    265    244    244    215     82     82    294    312    215    158    158    294    312    239     59     57    215    232     37    178    187     77    162     42    159     25     87    104    109    106     91     83     24     80    252    116    304    272    317    270    264    301     55    307    267    270    268    247     64    220     25    298    271    311    224     30    299    271    314    240     50    218     44    231    179    201    149    124     16    282    289    291
    196    140    131    139    132    132    132    132    130    130    131    138    131    131    131    139    131    131    131    131    132    132    138    131    139    138    131    131    141    134    134    134    134    134    134    134    134    134    134    134    134    134    134    134    134    134    134    134    134    183     74     88     39    160     23     88     23     88     88     88     39     23     88      1     88    228     39    302    228    228    228     23    302     49    228    228    228     58    228     23     88     88     23    302    228     23    160     23    302    228     49     58     23    228     39     23    183    186    101     92    161    158     82     82     82    105    105     92     37     82     79     79    253    232    303    312    265    265    215    294    306    239    265    265    244    244    215     82    105     82    294    312    215    158    158    294    312    239     59     57    215    232     37    178    187     77    162     42    159     25     87    104    109    106     91     83     24     80    252    116    304    272    317    270    264    301     55    307    267    270    268    247     64    220    104    104    298    271    311    224     30    299    271    314    240     50    218     44    231    179    201    149    124     16    282    289    291
    175    132    132    141    131    138    131    131    142    130    130    131    131    131    131    131    131    131    138    138    131    131    138    131    139    138    131    131    133    134    134    134    134    134    134    134    134    134    134    134    134    134    213     88     88     23    183     23     23    228     39    302    228    228    325     39     23     88      1     88    228     39    228    228    228    228     23    228     49    228    228     58    228    302    228     23    160     23    302    228     49     58     23    228     39    127    105     82    178    178     22    215    232    303    312    265    332    327     37     82     79     79    253    232    232    265    265    265    215    215    239    239    265    244    244    312    312    215    158    158    294    312    239     59     57    215    232    128    104    180     31    177    214     44    304    272    317    334    276    326     83     24     80    252    116    237    266    270    270    264    227     53    242    267    268    247    315    275    311    224     30    299    271    314    240     50    218     44    234    201    153    121     13    285    289    291
    181    132    132    141    131    138    131    131    142    130    130    131    131    131    133    131    131    131    131    138    138    131    131    138    131    139    138    131    131    134    134    134    134    134    134    134    134    134    134    134    134    134    213     88     88     23    183     23     23    228     39    302    228    228    325     39     23     88      1     88    228     39    228    228     23    127     23    228    228     23    228     49    228    228     58    228    302    228     23    160     23    302    228     49     58     23    228     39    105     82    178    178     22    215    232    303    312    265    332    327     37     82     79     79    253    232    232    265    215    126    126    215    265    215    215    239    239    265    244    244    312    312    215    158    158    294    312    239     59     57    215    232    104    180     31    177    214     44    304    272    317    334    276    326     83     24     80    252    116    237    266    264    221     26    221    264    264    227     53    242    267    268    247    315    275    311    224     30    299    271    314    240     50    218     44    201    153    121     13    285    289    291
    181    132    132    141    131    138    131    131    142    130    130    131    131    131    131    133    131    131    131    138    138    131    131    138    131    139    138    131    131    134    134    134    134    134    134    134    134    134    134    134    134    134    213     88     88     23    183     23     23    228     39    302    228    228    325     39     23     88      1     88    228     39    228    228    228     23    127     23    228     23    228     49    228    228     58    228    302    228     23    160     23    302    228     49     58     23    228     39    105     82    178    178     22    215    232    303    312    265    332    327     37     82     79     79    253    232    232    265    265    215    126    126    215    215    215    239    239    265    244    244    312    312    215    158    158    294    312    239     59     57    215    232    104    180     31    177    214     44    304    272    317    334    276    326     83     24     80    252    116    237    266    270    264    221     26    221     33    227     53    242    267    268    247    315    275    311    224     30    299    271    314    240     50    218     44    201    153    121     13    285    289    291
    188    132    132    141    131    138    131    131    142    130    130    131    131    131    141    132    131    131    131    131    138    138    131    131    138    131    139    138    131    131    134    134    134    134    134    134    134    134    134    134    134    134    134    134    134    134    213     88     88     23    183     23     23    228     39    302    228    228    325     39     23     88      1     88    228     39    228    228     23    183     88     23    228    228     23    228     49    228    228     58    228    302    228     23    160     23    302    228     49     58     23    228     39    105     82    178    178     22    215    232    303    312    265    332    327     37     82     79     79    253    232    232    265    215    178    189     82    215    265    215    215    239    239    265    244    244    312    312    215    158    158    294    312    239     59     57    215    232    104    180     31    177    214     44    304    272    317    334    276    326     83     24     80    252    116    237    266    264    225    112    188    220    264    264    227     53    242    267    268    247    315    275    311    224     30    299    271    314    240     50    218     44    201    149    121     11    285    289    291
    188    132    132    141    131    138    131    131    142    130    130    131    131    131    131    141    132    131    131    131    138    138    131    131    138    131    139    138    131    131    134    134    134    134    134    134    134    134    134    134    134    134    134    134    134    134    213     88     88     23    183     23     23    228     39    302    228    228    325     39     23     88      1     88    228     39    228    228    228     23    183     88     23    228     23    228     49    228    228     58    228    302    228     23    160     23    302    228     49     58     23    228     39    105     82    178    178     22    215    232    303    312    265    332    327     37     82     79     79    253    232    232    265    265    215    178    189     82    215    215    215    239    239    265    244    244    312    312    215    158    158    294    312    239     59     57    215    232    104    180     31    177    214     44    304    272    317    334    276    326     83     24     80    252    116    237    266    270    264    225    112    188    220     33    227     53    242    267    268    247    315    275    311    224     30    299    271    314    240     50    218     44    201    149    121     11    285    289    291
    184    132    132    141    131    138    131    131    142    130    130    131    131    131    136    131    131    131    131    138    138    131    131    138    131    139    138    131    131    134    134    134    134    134    134    134    134    134    134    134    134    134    134    134    134    213     88     88     23    183     23     23    228     39    302    228    228    325     39     23     88      1     88    228     39    228    228     23    147     23    228    228     23    228     49    228    228     58    228    302    228     23    160     23    302    228     49     58     23    228     39    105     82    178    178     22    215    232    303    312    265    332    327     37     82     79     79    253    232    232    265    215    146    146    215    265    215    215    239    239    265    244    244    312    312    215    158    158    294    312    239     59     57    215    232    104    180     31    177    214     44    304    272    317    334    276    326     83     24     80    252    116    237    266    264    223     28    223    264    264    227     53    242    267    268    247    315    275    311    224     30    299    271    314    240     50    218     44    201    151    121     12    285    289    291
    184    132    132    141    131    138    141    131    132    131    130    130    131    131    131    131    131    131    131    138    138    131    131    138    131    139    138    131    131    134    134    134    134    134    134    134    134    134    134    134    134    134    134    134    134    213     88     88     23    183     23     23    228     39    302    320    228     23     88     23    228     39     23     88      1     88    228     39    228    228    228    228     23    228     49    228    228     58    228    302    228     23    160     23    302    228     49     58     23    228     39    105     82    178    178     22    215    232    303    323    322    215     82     82    215    232     37     82     79     79    253    232    232    265    265    265    215    215    239    239    265    244    244    312    312    215    158    158    294    312    239     59     57    215    232    104    180     31    177    214     44    304    324    319    321    220     25    220     44    231     83     24     80    252    116    237    266    270    270    264    227     53    242    267    268    247    315    275    311    224     30    299    271    314    240     50    218     44    201    149    121     11    285    289    291
    177    132    132    141    131    138    131    131    138    131    130    130    131    131    131    131    131    131    131    138    138    131    131    138    131    139    138    131    131    134    134    134    134    134    134    134    134    134    134    134    134    134    134    134    213     88     88     23    183     23     23    228     39    302    228    228    302    228     39     23     88      1     88    228     39    228    228    228    228     23    228     49    228    228     58    228    302    228     23    160     23    302    228     49     58     23    228     39    105     82    178    178     22    215    232    303    312    265    312    312    232     37     82     79     79    253    232    232    265    265    265    215    215    239    239    265    244    244    312    312    215    158    158    294    312    239     59     57    215    232    104    180     31    177    214     44    304    272    317    317    275    313    231     83     24     80    252    116    237    266    270    270    264    227     53    242    267    268    247    315    275    311    224     30    299    271    314    240     50    218     44    201    149    121     11    286    290    291
    194    132    132    141    131    138    131    141    132    131    131    131    130    130    131    131    131    131    131    131    131    138    138    131    131    138    131    139    138    131    131    134    134    134    134    134    134    134    134    134    134    134    134    134    134    134    134    134    134    213     88     88     23    183     23     23    228     39    302    228     23    183     88     23    228    228    228     39     23     88      1     88    228     39    228    228    228    228     23    228     49    228    228     58    228    302    228     23    160     23    302    228     49     58     23    228     39    105     82    178    178     22    215    232    303    312    215    178    189     82    215    265    265    232     37     82     79     79    253    232    232    265    265    265    215    215    239    239    265    244    244    312    312    215    158    158    294    312    239     59     57    215    232    104    180     31    177    214     44    304    272    311    225    112    188    220    264    270    266    231     83     24     80    252    116    237    266    270    270    264    227     53    242    267    268    247    315    275    311    224     30    299    271    314    240     50    218     44    201    149    121     11    285    289    291
    160    141    132    131    138    131    131    142    130    130    131    131    131    131    131    131    131    138    138    131    131    138    131    139    138    131    131    134    134    134    134    134    134    134    134    134    134    134    134    213    183     88     23    228     39    302    228    228    325     39     23     88      1     88    228     39    228    228    228    228     23    228     49    228    228     58    228    302    228     23    160     23    302    228     49     58     23    228     39    189     82    215    232    303    312    265    332    327     37     82     79     79    253    232    232    265    265    265    215    215    239    239    265    244    244    312    312    215    158    158    294    312    239     59     57    215    232    188    220     44    304    272    317    334    276    326     83     24     80    252    116    237    266    270    270    264    227     53    242    267    268    247    315    275    311    224     30    299    271    314    240     50    218     44    201    149    121     11    285    289    291
    185    132    132    141    132    132    132    132    132    132    130    130    131    131    131    131    131    131    131    138    138    131    131    138    131    139    138    131    131    134    134    134    134    134    134    134    134    134    134    134    134    134    134    134    134    134    134    134    134    134    134    134    213     88     88     23    183     23     23     88     39     88     88     88     88     88     39     23     88      1     88    228     39    228    228    228    228     23    228     49    228    228     58    228    302    228     23    160     23    302    228     49     58     23    228     39    105     82    178    178     22     82     92     92    105    105    105    105     92     37     82     79     79    253    232    232    265    265    265    215    215    239    239    265    244    244    312    312    215    158    158    294    312    239     59     57    215    232    104    180     31    177     81     41     93    106    109    109    109    106     91     83     24     80    252    116    237    266    270    270    264    227     53    242    267    268    247    315    275    311    224     30    299    271    314    240     50    218     44    201    149    121     11    286    289    291
    151    132    132    141    132    130    130    131    131    131    131    131    131    131    138    138    131    131    138    131    139    138    131    131    134    134    134    134    134    134    134    134    134    134    134    134    134    134    134    213     88     88     23    183     23     23     88     23     88      1     88    228     39    228    228    228    228     23    228     49    228    228     58    228    302    228     23    160     23    302    228     49     58     23    228     39    105     82    178    178     22     82     82     82     79     79    253    232    232    265    265    265    215    215    239    239    265    244    244    312    312    215    158    158    294    312    239     59     57    215    232    104    180     31    177     81     25     87     24     80    252    116    237    266    270    270    264    227     53    242    267    268    247    315    275    311    224     30    299    271    314    240     50    218     44    201    149    121     11    286    289    291
    161    141    132    130    130    131    131    131    131    131    131    131    138    138    131    131    138    131    139    138    131    131    132    132    132    132    134    134    134    134    134    134    134    134    134    134    134    134    134    134    134    134    134    213    183     88     39     23     88      1     88    228     49    228    228    228    228     23    228     58    228    228     68    228    302    228     23    160     23    302    228     58     68     23    228     49     23     88     88     88     88     39    189     92     37     82     79     79    253    239    239    265    265    265    215    215    244    244    265    249    249    312    312    215    158    158    294    312    244     69     67    215    239     48     82    105    105    105     92    190     91     83     24     80    252    117    242    267    270    270    264    227     64    247    268    269    251    316    275    311    224     30    299    271    315    245     60    219     53    238     84    104    109    109    106    201    149    121     11    285    289    291
    186    140    131    139    132    132    132    132    130    130    131    131    131    131    133    131    131    131    138    138    131    131    138    131    139    138    131    131    141    134    134    134    134    134    134    134    134    134    134    134    134    134    134    134    213    183     74     88     39    160     23     88     23     88     88     88     39     23     88      1     88    228     39    228    228    228     23    127     23    228     23    228     49    228    228     58    228    302    228     23    160     23    302    228     49     58     23    228     39     23    183    186    101     92    161    158     82     82     82    105    105     92     37     82     79     79    253    232    232    265    265    215    126    126    215    215    215    239    239    265    244    244    312    312    215    158    158    294    312    239     59     57    215    232     37    178    187     77    162     42    159     25     87    104    109    106     91     83     24     80    252    116    237    266    270    264    221     26    221     33    227     53    242    267    268    247    315    275    311    224     30    299    271    314    240     50    218     44    231    179    201    153    124     18    286    289    291
    172    132    132    141    131    138    131    131    142    130    130    131    131    131    131    131    139    131    131    131    138    138    131    131    138    131    138    131    134    134    134    134    134    134    134    134    134    134    134    134    134    134    213     88     88     23    183     23     23    228     39    302    228    228    325     39     23     88      1     88    228     39    228    228    228    228     23    160    228     49    228     58    228     23    228    228     58     23    302    228    302     49     23    228     39    105     82    178    178     22    215    232    303    312    265    332    327     37     82     79     79    253    232    232    265    265    265    215    158    259    239    239    244    244    215    215    265    244     57    294    312    312    306     48    215    232    104    180     31    177    214     44    304    272    317    334    276    326     83     24     80    252    116    237    266    270    270    264    224    258    175    242     65    247     64    227    264    268    243    296    271    318    273    305    217     44    201    149    121     11    284    289    291
    201    132    132    141    131    138    131    131    142    130    130    131    131    131    131    139    132    132    131    139    131    131    131    138    138    131    131    138    131    138    131    134    134    134    134    134    134    134    134    134    134    134    134    134    134    134    134    134    134    134    213     88     88     23    183     23     23    228     39    302    228    228    325     39     23     88      1     88    228     39    228    228    228     23    160     23     88     23     88     23    228     23    160    228     49    228     58    228     23    228    228     58     23    302    228    302     49     23    228     39    105     82    178    178     22    215    232    303    312    265    332    327     37     82     79     79    253    232    232    265    265    215    158    158     82     82     82     82    215    215    158    259    239    239    244    244    215    215    265    244     57    294    312    312    306     48    215    232    104    180     31    177    214     44    304    272    317    334    276    326     83     24     80    252    116    237    266    270    264    224     30    159     25     87     25    220     33    224    258    175    242     65    247     64    227    264    268    243    296    271    318    273    305    217     44    201    149    121     11    287    289    291
    217    132    132    141    131    138    131    131    142    130    130    131    131    131    131    139    132    132    141    132    132    131    139    131    131    131    138    138    131    131    138    131    138    131    134    134    134    134    134    134    134    134    134    134    134    134    134    134    134    134    134    134    134    134    134    134    134    213     88     88     23    183     23     23    228     39    302    228    228    325     39     23     88      1     88    228     39    228    228    228     23    160     23     88     88    183     88     23     88     23    228     23    160    228     49    228     58    228     23    228    228     58     23    302    228    302     49     23    228     39    105     82    178    178     22    215    232    303    312    265    332    327     37     82     79     79    253    232    232    265    265    215    158    158     82    105    189    189     82     82     82    215    215    158    259    239    239    244    244    215    215    265    244     57    294    312    312    306     48    215    232    104    180     31    177    214     44    304    272    317    334    276    326     83     24     80    252    116    237    266    270    264    224     30    159    104    194    114    188     87     25    220     33    224    258    175    242     65    247     64    227    264    268    243    296    271    318    273    305    217     44    201    149    121     11    288    289    291
    216    132    132    141    131    138    131    131    142    130    130    131    131    131    131    139    132    132    139    132    132    131    139    131    131    131    138    138    131    131    138    131    138    131    134    134    134    134    134    134    134    134    134    134    134    134    134    134    134    134    134    134    134    134    134    134    213     88     88     23    183     23     23    228     39    302    228    228    325     39     23     88      1     88    228     39    228    228    228     23    160     49     88     88    160     88     88     49     23    228     23    160    228     49    228     58    228     23    228    228     58     23    302    228    302     49     23    228     39    105     82    178    178     22    215    232    303    312    265    332    327     37     82     79     79    253    232    232    265    265    215    158    163     95    105    168    168    105     95     48    215    215    158    259    239    239    244    244    215    215    265    244     57    294    312    312    306     48    215    232    104    180     31    177    214     44    304    272    317    334    276    326     83     24     80    252    116    237    266    270    264    224     52    164    107    172    111    172    107     94    217     33    224    258    175    242     65    247     64    227    264    268    243    296    271    318    273    305    217     44    201    149    121     11    285    289    291
    226    132    132    141    131    138    131    131    142    130    130    131    131    131    131    139    132    132    132    139    132    132    131    139    131    131    131    138    138    131    131    138    131    138    131    134    134    134    134    134    134    134    134    134    134    134    134    134    134    134    134    134    134    134    134    134    134    134    134    209    213     88     88     23    183     23     23    228     39    302    228    228    325     39     23     88      1     88    228     39    228    228    228     23    160     49     88     23     88     23    160     88     88     49     23    228     23    160    228     49    228     58    228     23    228    228     58     23    302    228    302     49     23    228     39    105     82    178    178     22    215    232    303    312    265    332    327     37     82     79     79    253    232    232    265    265    215    158    163     95     82     82     82    158    168    105     95     48    215    215    158    259    239    239    244    244    215    215    265    244     57    294    312    312    306     48    215    232    104    180     31    177    214     44    304    272    317    334    276    326     83     24     80    252    116    237    266    270    264    224     52    164     51     87     25    159    110    172    107     94    217     33    224    258    175    242     65    247     64    227    264    268    243    296    271    318    273    305    217     44    201    149    122     14    285    289    291
    232    132    132    141    131    138    131    131    142    130    130    131    131    131    131    139    132    132    132    139    132    132    131    139    131    131    131    138    138    131    131    138    131    138    131    134    134    134    134    134    134    134    134    134    134    134    134    134    134    134    134    134    134    134    134    134    134    213     88     88     23    183     23     23    228     39    302    228    228    325     39     23     88      1     88    228     39    228    228    228     23    160     49     88     58     88     88     23    160     88     58     23     88     49     23    228     23    160    228     49    228     58    228     23    228    228     58     23    302    228    302     49     23    228     39    105     82    178    178     22    215    232    303    312    265    332    327     37     82     79     79    253    232    232    265    265    215    158    163     95     98     98    105     82    158    168     98     57     82     95     48    215    215    158    259    239    239    244    244    215    215    265    244     57    294    312    312    306     48    215    232    104    180     31    177    214     44    304    272    317    334    276    326     83     24     80    252    116    237    266    270    264    224     52    164     62     99    108    104    159    110    171     97     85     51     94    217     33    224    258    175    242     65    247     64    227    264    268    243    296    271    318    273    305    217     44    201    149    121     11    285    289    291
    234    132    132    141    131    138    131    131    142    130    130    131    131    131    131    139    132    132    139    132    132    132    132    131    139    131    131    131    138    138    131    131    138    131    138    131    134    134    134    134    134    134    134    134    134    134    134    134    134    134    134    134    134    134    134    134    134    134    134    134    134    134    213     88     88     23    183     23     23    228     39    302    228    228    325     39     23     88      1     88    228     39    228    228    228     23    160     49     88     88    160     23     88     88     23     88     88     49     23    228     23    160    228     49    228     58    228     23    228    228     58     23    302    228    302     49     23    228     39    105     82    178    178     22    215    232    303    312    265    332    327     37     82     79     79    253    232    232    265    265    215    158    163     95    105    168    158     82    105     82     82    105     95     48    215    215    158    259    239    239    244    244    215    215    265    244     57    294    312    312    306     48    215    232    104    180     31    177    214     44    304    272    317    334    276    326     83     24     80    252    116    237    266    270    264    224     52    164    107    172    110    159    104    104     87    104    107     94    217     33    224    258    175    242     65    247     64    227    264    268    243    296    271    318    273    305    217     44    201    149    121     11    285    289    291
    260    132    132    141    131    138    131    131    142    130    130    131    131    131    131    139    132    132    132    139    132    132    141    132    132    132    132    131    139    131    131    131    138    138    131    131    138    131    138    131    134    134    134    134    134    134    134    134    134    134    134    134    134    134    134    134    134    134    134    134    134    134    134    134    134    134    134    134    134    134    213     88     88     23    183     23     23    228     39    302    228    228    325     39     23     88      1     88    228     39    228    228    228     23    160     49     88     88     88     23    160     58     88     88    183     88     88     58     23     88     88     49     23    228     23    160    228     49    228     58    228     23    228    228     58     23    302    228    302     49     23    228     39    105     82    178    178     22    215    232    303    312    265    332    327     37     82     79     79    253    232    232    265    265    215    158    163     95    105    105     82    158    165     98    105    189    189    105     98     57     82    105     95     48    215    215    158    259    239    239    244    244    215    215    265    244     57    294    312    312    306     48    215    232    104    180     31    177    214     44    304    272    317    334    276    326     83     24     80    252    116    237    266    270    264    224     52    164    107    109    104    159     63    166    108    194    114    194    108     97     85    104    107     94    217     33    224    258    175    242     65    247     64    227    264    268    243    296    271    318    273    305    217     44    201    149    121     11    285    289    291
    234    132    132    141    131    138    131    131    142    130    130    131    131    131    131    139    132    132    139    132    132    132    132    131    139    131    131    131    138    138    131    131    138    131    138    131    134    134    134    134    134    134    134    134    134    134    134    134    134    134    134    134    134    134    134    134    134    134    134    134    134    134    213     88     88     23    183     23     23    228     39    302    228    228    325     39     23     88      1     88    228     39    228    228    228     23    160     49     88     88    160     23     88     23     88     88     88     49     23    228     23    160    228     49    228     58    228     23    228    228     58     23    302    228    302     49     23    228     39    105     82    178    178     22    215    232    303    312    265    332    327     37     82     79     79    253    232    232    265    265    215    158    163     95    105    168    158     82     82     82    105    105     95     48    215    215    158    259    239    239    244    244    215    215    265    244     57    294    312    312    306     48    215    232    104    180     31    177    214     44    304    272    317    334    276    326     83     24     80    252    116    237    266    270    264    224     52    164    107    172    110    159     25     87    104    109    107     94    217     33    224    258    175    242     65    247     64    227    264    268    243    296    271    318    273    305    217     44    201    149    121     11    285    289    291
    220    132    132    141    131    138    131    131    142    130    130    131    131    131    131    141    132    132    132    141    132    132    131    139    131    131    131    138    138    131    131    138    131    138    131    134    134    134    134    134    134    134    134    134    134    134    134    134    134    134    134    134    134    134    134    134    134    213     88     88     23    183     23     23    228     39    302    228    228    325     39     23     88      1     88    228     39    228    228    228     23    183     88     49     88     88    183     88     88     49     23    228     23    160    228     49    228     58    228     23    228    228     58     23    302    228    302     49     23    228     39    105     82    178    178     22    215    232    303    312    265    332    327     37     82     79     79    253    232    232    265    265    215    178    189     95     95    105    189    189    105     95     48    215    215    158    259    239    239    244    244    215    215    265    244     57    294    312    312    306     48    215    232    104    180     31    177    214     44    304    272    317    334    276    326     83     24     80    252    116    237    266    270    264    225    112    191     96    107    194    114    194    107     94    217     33    224    258    175    242     65    247     64    227    264    268    243    296    271    318    273    305    217     44    201    149    121     11    286    289    291
    233    132    132    141    131    138    131    131    142    130    130    131    131    131    131    141    132    132    132    139    132    132    132    131    139    131    131    131    138    138    131    131    138    131    138    131    134    134    134    134    134    134    134    134    134    134    134    134    134    134    134    134    134    134    134    134    134    134    134    134    134    213     88     88     23    183     23     23    228     39    302    228    228    325     39     23     88      1     88    228     39    228    228    228     23    183     88     49     88     88    160     23     88     23     88     88     49     23    228     23    160    228     49    228     58    228     23    228    228     58     23    302    228    302     49     23    228     39    105     82    178    178     22    215    232    303    312    265    332    327     37     82     79     79    253    232    232    265    265    215    178    189     95     95    105    168    158     82     82     82    105     95     48    215    215    158    259    239    239    244    244    215    215    265    244     57    294    312    312    306     48    215    232    104    180     31    177    214     44    304    272    317    334    276    326     83     24     80    252    116    237    266    270    264    225    112    191     96    107    172    110    159     25     87    104    107     94    217     33    224    258    175    242     65    247     64    227    264    268    243    296    271    318    273    305    217     44    201    149    121     11    286    289    291
    204    141    132    130    130    131    131    131    131    139    132    132    141    132    132    131    139    131    131    131    138    138    131    131    138    131    138    131    132    132    132    132    134    134    134    134    134    134    134    134    134    134    134    134    134    134    134    134    134    134    134    134    134    134    134    134    213    183     88     39     23     88      1     88    228     49    228    228    228     23    160     58     88     88    183     88     88     58     23    228     23    160    228     58    228     68    228     23    228    228     68     23    302    228    302     58     23    228     49     23     88     88     88     88     39    189     92     37     82     79     79    253    239    239    265    265    215    158    165     98    105    189    189    105     98     57    215    215    158    259    244    244    249    249    215    215    265    249     67    294    312    312    309     57    215    239     48     82    105    105    105     92    190     91     83     24     80    252    117    242    267    270    264    224     63    166    108    194    114    194    108     97    218     33    224    258    176    247     71    251     70    227    264    269    248    297    271    318    274    308    218     53    238     84    104    109    109    106    201    149    121     11    285    289    291
    210    141    132    130    130    131    131    131    131    139    132    132    141    132    132    131    139    131    131    131    138    138    131    131    138    131    138    131    132    132    132    132    132    134    134    134    134    134    134    134    134    134    134    134    134    134    134    134    134    134    134    134    134    134    134    134    134    134    134    213    183     88     39     23     88      1     88    228     49    228    228    228     23    160     58     88     88    183     88     88     58     23    228     23    160    228     58    228     68    228     23    228    228     68     23    302    228    302     58     23    228     49     23     88     88     88     88     88     39    189     92     37     82     79     79    253    239    239    265    265    215    158    165     98    105    189    189    105     98     57    215    215    158    259    244    244    249    249    215    215    265    249     67    294    312    312    309     57    215    239     48     82    105    105    105    105     92    190     91     83     24     80    252    117    242    267    270    264    224     63    166    108    194    114    194    108     97    218     33    224    258    176    247     71    251     70    227    264    269    248    297    271    318    274    308    218     53    238     84    104    109    109    109    106    201    149    121     11    285    289    291
    222    132    132    141    132    132    132    132    132    130    130    131    131    131    131    139    132    132    141    132    132    131    139    131    131    131    138    138    131    131    138    131    138    131    134    134    134    134    134    134    134    134    134    134    134    134    134    134    134    134    134    134    134    134    134    134    134    134    134    134    134    134    213     88     88     23    183     23     23     88     39     88     88     88     88     39     23     88      1     88    228     39    228    228    228     23    160     49     88     88    183     88     88     49     23    228     23    160    228     49    228     58    228     23    228    228     58     23    302    228    302     49     23    228     39    105     82    178    178     22     82     92     92    105    105    105     92     37     82     79     79    253    232    232    265    265    215    158    163     95    105    189    189    105     95     48    215    215    158    259    239    239    244    244    215    215    265    244     57    294    312    312    306     48    215    232    104    180     31    177     81     41     93    106    109    109    106     91     83     24     80    252    116    237    266    270    264    224     52    164    107    194    114    194    107     94    217     33    224    258    175    242     65    247     64    227    264    268    243    296    271    318    273    305    217     44    201    149    121     11    286    289    291
    216    132    132    141    131    131    131    131    142    130    130    131    131    131    131    139    132    132    141    132    132    131    139    131    131    131    138    138    131    131    138    131    138    131    134    134    134    134    134    134    134    134    134    134    134    134    134    134    134    134    134    134    134    134    134    134    213     88     88     23    183     23     23    228     39    228    228    228    325     39     23     88      1     88    228     39    228    228    228     23    160     49     88     88    183     88     88     49     23    228     23    160    228     49    228     58    228     23    228    228     58     23    302    228    302     49     23    228     39    105     82    178    178     22    215    232    232    265    265    332    327     37     82     79     79    253    232    232    265    265    215    158    163     95    105    189    189    105     95     48    215    215    158    259    239    239    244    244    215    215    265    244     57    294    312    312    306     48    215    232    104    180     31    177    214     44    237    266    270    334    276    326     83     24     80    252    116    237    266    270    264    224     52    164    107    194    114    194    107     94    217     33    224    258    175    242     65    247     64    227    264    268    243    296    271    318    273    305    217     44    201    149    121     11    286    289    291
    239    132    131    140    139    132    132    139    131    131    131    131    130    130    132    131    138    131    131    142    141    132    131    131    139    131    131    131    138    138    131    131    138    131    138    132    132    134    134    134    134    134    134    134    134    134    134    134    134    134    134    134    134    134    134    134    134    134    134    134    134    213     88     88     23     74    183     23    160     39     88     88    160     23    228     49    228    228    228     23     88      1     88     88     23    228     58    302    228    228    325     58     23     23    183     23     88     23    228    228     49    160    228     49    228     58    228     23    228    228     58     23    302    228    302     49     23     88     88     39    105     82     73    186    178    158    161     92    105    168    158    215    239    239    265    265    215     82     79     79    105     82    215    244    309    312    265    332    331     57     22    178    178     82     82    215    265    239    163    259    239    239    244    244    215    215    265    244     57    294    312    312    306     48     82    105     92    104     86    185     78    181     42    162    106    172    110    224     53    242    267    270    264    220     24     80    103    104    220     64    310    274    317    334    278    330     56    177     31    180     25    220    264    267    241    261    175    242     65    247     64    227    264    268    243    296    271    318    273    305     84    104    106    201    149    124     16    285    289    291
    264    132    132    141    131    138    131    131    142    130    130    131    131    131    131    139    132    132    139    143    140    140    132    132    132    132    131    139    131    131    131    138    138    131    131    138    131    138    131    134    134    134    134    134    134    134    134    134    134    134    134    134    134    134    134    134    134    134    134    134    134    134    134    134    134    213     88     88     23    183     23     23    228     39    302    228    228    325     39     23     88      1     88    228     39    228    228    228     23    160     49     88     88    160     23    206     23     74    183     23     23     74    183     23     88     88     23     88     88     49     23    228     23    160    228     49    228     58    228     23    228    228     58     23    302    228    302     49     23    228     39    105     82    178    178     22    215    232    303    312    265    332    327     37     82     79     79    253    232    232    265    265    215    158    163     95    105    168    158    203    203     73    186    178     22     73    186    178     82    105     82     82    105     95     48    215    215    158    259    239    239    244    244    215    215    265    244     57    294    312    312    306     48    215    232    104    180     31    177    214     44    304    272    317    334    276    326     83     24     80    252    116    237    266    270    264    224     52    164    107    172    110    205     32    204    185     78    177     72    185     78    180    104    104     87    104    107     94    217     33    224    258    175    242     65    247     64    227    264    268    243    296    271    318    273    305    217     44    202    149    124     20    286    290    291
    203    132    132    141    131    138    131    131    142    130    130    131    131    131    131    139    132    132    141    132    132    131    139    131    138    131    139    138    131    131    131    134    134    134    134    134    134    134    134    134    134    134    134    134    134    134    134    134    134    134    134    134    134     88     88     23    183     23     23    228     39    302    228    228    325     39     23     88      1     88    228     39    228    228    228     23    160     49     88     88    183     88     88     49     23    228     23    160    228     49    302    228     23    160     23    302    228    228     49     23    228     39    105     82    178    178     22    215    232    303    312    265    332    327     37     82     79     79    253    232    232    265    265    215    158    163     95    105    189    189    105     95     48    215    215    158    259    239    306    312    215    158    158    294    312    265    239     48    215    232    104    180     31    177    214     44    304    272    317    334    276    326     83     24     80    252    116    237    266    270    264    224     52    164    107    194    114    194    107     94    217     33    224    258    175    307    273    311    224     30    299    271    317    267    238    217     44    201    149    121     11    282    289    291
    210    132    132    141    131    138    131    131    142    130    130    131    131    131    131    131    131    139    132    139    131    131    131    138    138    131    131    138    131    131    132    141    132    132    134    134    134    134    134    134    134    134    134    134    134    134    134    134    134    134    134    134    134    134    134    134    213     88     88     23    183     23     23    228     39    302    228    228    325     39     23     88      1     88    228     39    228    228    228    228    228     39    160     39     88     23    160    228     49    228     58    228     23    228    228     58     23    302    228    228     49     23     88    183     88     88     39    105     82    178    178     22    215    232    303    312    265    332    327     37     82     79     79    253    232    232    265    265    265    265    232    161    161     92     82    158    259    239    239    244    244    215    215    265    244     57    294    312    265    239     48     82    189    189    105     92    104    180     31    177    214     44    304    272    317    334    276    326     83     24     80    252    116    237    266    270    270    270    266    235     43    162     41    159    258    175    242     65    247     64    227    264    268    243    296    271    317    267    238     84    188    114    194    106    201    149    121     11    285    289    291
    210    132    132    141    131    138    131    131    142    130    130    131    131    131    131    139    132    132    141    132    132    131    139    131    131    131    131    142    131    138    131    138    131    134    134    134    134    134    134    134    134    134    134    134    134    134    134    134    134    134    134    134    134    134     88     88     23    183     23     23    228     39    302    228    228    325     39     23     88      1     88    228     39    228    228    228     23    160     49     88     88    183     88     88     49     23    228     23    160    228     49    228     58    228    228    325    228     58    302    228    302     49     23    228     39    105     82    178    178     22    215    232    303    312    265    332    327     37     82     79     79    253    232    232    265    265    215    158    163     95    105    189    189    105     95     48    215    215    158    259    239    239    244    244    265    332    332    244    309    312    312    306     48    215    232    104    180     31    177    214     44    304    272    317    334    276    326     83     24     80    252    116    237    266    270    264    224     52    164    107    194    114    194    107     94    217     33    224    258    175    242     65    247    268    334    279    333    310    274    318    273    305    217     44    201    149    121     11    286    289    291
    213    132    132    141    131    138    131    131    142    130    130    131    131    131    131    139    132    132    141    132    132    131    139    131    131    131    138    138    131    131    138    131    138    131    134    134    134    134    134    134    134    134    134    134    134    134    134    134    134    134    134    134    134    134    134    212    213     88     23    183     23     23    228     39    302    228    228    325     39     23     88      1     88    228     39    228    228    228     23    160     49     88     88    183     88     88     49     23    228     23    160    228     49    228     58    228     23    228    228     58     23    302    228    302     49     23    228     39     82    178    178     22    215    232    303    312    265    332    327     37     82     79     79    253    232    232    265    265    215    158    163     95    105    189    189    105     95     48    215    215    158    259    239    239    244    244    215    215    265    244     57    294    312    312    306     48    215    232    180     31    177    214     44    304    272    317    334    276    326     83     24     80    252    116    237    266    270    264    224     52    164    107    194    114    194    107     94    217     33    224    258    175    242     65    247     64    227    264    268    243    296    271    318    273    305    217     44    201    149    122     14    286    289    291
    213    132    132    141    131    138    131    131    142    130    130    131    131    131    131    139    132    132    141    132    132    131    139    131    131    131    138    138    131    131    138    131    138    131    134    134    134    134    134    134    134    134    134    134    134    134    134    134    134    134    134    134    134    134    134    210    213     88     23    183     23     23    228     39    302    228    228    325     39     23     88      1     88    228     39    228    228    228     23    160     49     88     88    183     88     88     49     23    228     23    160    228     49    228     58    228     23    228    228     58     23    302    228    302     49     23    228     39     82    178    178     22    215    232    303    312    265    332    327     37     82     79     79    253    232    232    265    265    215    158    163     95    105    189    189    105     95     48    215    215    158    259    239    239    244    244    215    215    265    244     57    294    312    312    306     48    215    232    180     31    177    214     44    304    272    317    334    276    326     83     24     80    252    116    237    266    270    264    224     52    164    107    194    114    194    107     94    217     33    224    258    175    242     65    247     64    227    264    268    243    296    271    318    273    305    217     44    201    149    122     14    286    289    291
 3.98766561695029E+0000
     32     32     30     32     33     31
      1      1      0      1      1      0
      1      0      2      1      0      2
      0      0      1      0      0      1
      0      0      1      0      0      1
      0      1      0      0      1      0
      0      0      1      0      0      1
      2      0      1      2      0      1
      3      1      2      3      1      2
      4      3      1      4      3      1
     20     15     12     20     15     12
      0      2      1      0      2      1
      0      4      3      0      4      3
      1      1      1      1      1      1
      0      1      0      0      1      0
      1      3      3      1      3      3
      2      2      2      2      2      2
      1      0      0      1      0      0
      0      0      1      0      0      1
      0      0      1      0      0      1
      0      1      3      0      1      3
     18     22     19     18     22     20
     36     35     36    284    306    330
     32     32     29     32     32     29
      9     12     12     10     13     15
      1      2      4      1      2      4
      1      2      3      1      2      3
      9      5      9      9      5      9
      5      7      7      5      7      7
     15     17     17     15     17     17
     19     23     21     19     23     21
      0      0      1      0      0      1
     17     14     21     17     14     22
      0      1      0      0      1      0
      0      1      0      0      2      0
      0      0      1      0      0      1
     25     24     22     27     27     23
      0      1      0      0      1      0
     36     35     36    114    118    112
      0      0      1      0      0      1
      2      1      0      2      1      0
      2      3      3      2      3      3
      0      1      0      0      1      0
     21     28     22     32     43     36
      0      1      0      0      1      0
      1      0      1      1      0      1
      0      1      0      0      1      0
     16     14     15     22     19     19
     36     35     36     92     92     92
     11     15     11     11     15     11
      1      4      4      1      4      4
     15     10     13     15     10     13
     12      8     12     12      9     12
      3      2      3      3      2      3
      6     12      7      6     12      7
      0      1      1      0      1      1
     25     31     30     27     33     32
     36     34     36     76     78     82
     11     15     11     11     15     11
      3      0      2      3      0      2
      1      0      1      1      0      1
      0      1      0      0      1      0
      2      1      2      2      1      2
     13     12      9     13     12     10
     19     15     18     19     15     18
      2      0      2      2      0      2
      5      1      3      5      1      3
      5      1      4     10      2      8
      3      0      2      3      0      2
      2      1      1      2      1      1
      0      1      2      0      1      2
      0      0      1      0      0      1
      2      3      7      2      3      8
      4      7     10      4      7     11
      0      0      2      0      0      2
      0      1      0      0      2      0
      2      3      1      2      3      1
      2      3      7      2      3      8
     32     32     30     59     58     54
     27     25     23     27     25     23
      3      0      2      3      0      2
     34     35     33     93     99    115
     25     23     20     25     23     20
      5      2      4      5      2      4
      1      1      0      1      1      0
      2      3      6      2      3      6
      7      4      8      7      4      9
     36     35     36    228    213    239
      0      1      0      0      1      0
      0      1      0      0      2      0
      9      4      6      9      4      6
      9      6      8     20     11     16
      2      0      1      2      0      1
      7      5      6      7      5      6
     16     14     16     26     23     29
      2      4      5      2      4      5
      2      5      4      2      5      4
      7      8      8      9     20     18
      0      4      3      0      4      3
      0      0      1      0      0      1
      2      4      3      2      5      3
      0      1      0      0      1      0
      1      2      2      1      2      2
     27     26     24     31     31     38
     35     35     36     75     61     76
      9      5      7     11      5     10
     16     13     16     23     17     24
      2      5      5      4      9      9
      9      4      6     17      7     13
      5      5     10      5      5     10
      3      2      2      3      2      2
      6      6      8      6      6      9
      2      0      0      2      0      0
      6      7      5      6      7      5
      0      1      0      0      1      0
     22     23     19     22     23     19
      6      1      3      6      1      3
     10      9     12     10      9     12
      0      0      1      0      0      1
      4      2      6      4      2      6
     27     25     19     27     25     19
      1      1      1      1      1      1
      0      1      0      0      1      0
      4      5      7      4      5      7
      0      1      3      0      1      3
      1      2      4      2      4      8
      1      4      5      1      5      5
      0      3      0      0      3      0
      0      0      1      0      0      1
     32     32     30     59     58     54
     36     35     36    480    493    495
     36     35     36    166    149    180
      1      4      5      1      5      5
     36     35     36    668    635    708
      1      2      3      1      2      3
      9      8     12      9      8     12
      5      8      8      5      8      8
     36     35     36    130    123    124
     33     33     34     69     69     76
      4      6     10      4      6     11
     30     30     31     41     43     40
     15     21     15     16     21     15
      0      0      1      0      0      1
      1      2      3      2      4      6
      1      2      3      1      2      3
      9      5      9     18     10     18
      9      8     12      9      8     12
      0      3      3      0      3      3
     25     21     19     25     21     19
      1      2      1      1      2      1
      9      8     10      9      8     10
      0      0      1      0      0      1
      1      4      3      1      4      3
      0      0      1      0      0      1
      0      0      1      0      0      1
      5      8      8      5      8      8
      5      8      8      5      8      8
     33     33     34     66     71     79
      7      6      9      7      6     12
     33     33     34     65     65     76
      3      4      4      3      5      4
      2      4      3      2      4      3
     15     10     14     15     10     14
     15     10     13     15     10     13
      2      1      2      2      1      2
      2      1      2      2      1      2
      1      0      3      1      0      4
      9      7     13     12     10     15
      0      0      1      0      0      1
      1      0      1      1      0      1
      3      6      4      3      6      4
      5      2      5      6      4      5
      0      0      1      0      0      1
     10      6      9     10      6      9
      8     11     10      8     11     10
      0      1      1      0      1      1
     18     22     19     18     22     20
     24     29     28     48     58     61
      2      3      1      2      3      1
     18     23     20     18     24     22
      1      3      5      1      3      5
      1      0      1      1      0      1
     30     30     31     45     47     51
      2      0      0      2      0      0
      2      3      7      2      3      8
      4      6     10      4      6     11
      2      3      3      2      3      3
      5      3      5      5      3      5
     18     11     13     26     21     22
      5      1      3      5      1      3
      1      1      0      1      1      0
      1      4      4      1      4      4
      0      0      1      0      0      1
      6      7      5     12     12      9
      0      0      1      0      0      1
      0      0      1      0      0      1
      0      1      0      0      1      0
      3      2      2      3      2      2
      6      4      5      6      4      5
      0      1      0      0      1      0
     27     28     28     27     28     28
      0      0      1      0      0      1
      0      1      1      0      1      2
      0      0      1      0      0      1
      0      0      1      0      0      1
      0      1      1      0      1      1
      0      1      0      0      1      0
      0      1      0      0      1      0
      1      0      2      1      0      2
      0      0      1      0      0      1
      0      1      1      0      1      1
      0      1      0      0      1      0
     18     13     15     18     13     15
     15     20     15     15     20     15
     36     35     36    188    194    210
      0      0      1      0      0      1
     11      8      8     17     13     12
     19     24     24     20     25     25
      5      0      2      5      0      2
     12     17     17     15     30     31
      1      2      4      2      4      8
      1      2      3      2      4      6
      9      5      9     18     10     18
     33     32     34     44     46     48
      6      3      5      6      3      6
      0      1      0      0      1      0
     18     13     15     18     13     15
     36     35     36    476    485    486
      0      1      0      0      1      0
      0      1      0      0      1      0
      3      5      3      3      5      3
     31     34     32     92    106     97
      0      1      1      0      1      1
      0      3      0      0      3      0
      1      1      1      1      1      1
      2      0      0      2      0      0
     20     22     21     21     22     22
      8      8      6      8      8      6
     36     35     36     91     95     92
     11     15     11     11     15     11
      0      0      1      0      0      1
     28     22     27     30     28     31
     14     11     15     14     11     15
     36     34     36     95     84     94
      3      0      2      3      0      2
      5      6      6      5      6      6
     34     33     34     34     33     34
      2      1      1      2      1      1
      5      1      4     12      3     10
      0      0      1      0      0      1
      5      1      4      5      1      4
     26     24     22     26     24     22
     36     33     35     38     33     35
     10      9     13     10      9     13
      1      0      0      1      0      0
      0      0      1      0      0      1
      0      3      3      0      3      3
      7     11     10      7     11     10
     17     17     20     18     18     20
      1      0      1      1      0      1
      0      0      1      0      0      1
      1      1      0      1      1      0
      0      1      0      0      1      0
     36     35     36     63     67     73
     36     35     36    144    149    143
     20     19     18     24     24     22
     27     30     28     29     38     35
     33     29     32     34     29     32
      3      1      4      3      1      4
     27     29     27     46     45     40
     21     26     23     23     31     26
     26     29     26     36     36     35
     13      9     12     13      9     12
      3      2      2      3      2      2
     18     17     16     19     17     17
     15     18     14     15     18     14
      0      1      0      0      1      0
      0      1      1      0      1      1
      1      0      0      1      0      0
      0      0      1      0      0      1
      3      5      4      3      5      4
      6      5      7      6      5      7
      6      8      5      6      8      5
      6      3      1      6      3      1
      7      8     11      7      8     11
      7      2      3      7      2      3
      1      3      3      1      3      3
      0      1      1      0      1      1
     34     35     33     34     35     33
      2      0      3      2      0      3
     36     33     34     36     33     34
      0      2      1      0      2      1
      0      0      1      0      0      1
     22     26     25     32     43     36
      0      3      3      0      3      3
      6      6      6      6      6      6
      0      1      1      0      1      1
      2      2      0      3      2      0
     14     16     13     14     16     13
      1      3      5      1      3      5
      8     12      8      8     12      8
     36     35     36    103    109    102
     26     30     26     37     38     36
     26     30     26     27     32     27
      7      5      7      7      5      7
     19     20     18     19     21     19
     12     15     12     12     16     12
      0      1      1      0      1      1
      5      2      4      5      2      4
      5      1      3      5      1      3
     24     26     25     32     32     34
     36     35     36    113    112    109
      1      3      4      1      3      4
     13     17     11     14     19     11
     15     15     16     18     17     19
      5      0      2      7      0      2
     24     25     23     27     29     25
      7      6      7      7      6      7
      0      2      0      0      2      0
      0      2      0      0      2      0
      0      2      0      0      2      0
      0      2      0      0      2      0
      0      2      0      0      2      0
      0      2      0      0      2      0
     15     20     15     16     20     15
     15     18     14     15     18     14
     15     18     14     15     18     14
      0      1      0      0      1      0
      0      1      0      0      1      0
      0      1      1      0      1      1
      0      1      1      0      1      1
     15     20     15     17     20     15
      1      0      0      1      0      0
     15     20     15     16     20     15
S
1
93
190
2
10
3
205
135.75
0.614
